Ad_ID,Campaign_Name,Clicks,Impressions,Cost,Leads,Conversions,Conversion Rate,Sale_Amount,Ad_Date,Location,Device,Keyword
A1000,data analytics course,104.0,4498.0,231.88,14.0,7.0,0.058,1892.0,2024-11-16,hyderabad,Desktop,learn data analytics
A1001,data analytics course,173.0,5107.0,216.84,10.0,8.0,0.046,1679.0,2024-11-20,hyderabad,Mobile,data analytics course
A1002,data analytics course,90.0,4544.0,203.66,26.0,9.0,0.0489792299898682,1624.0,2024-11-16,hyderabad,Desktop,data analitics online
A1003,data analytics course,142.0,3185.0,237.66,17.0,6.0,0.0489792299898682,1225.0,2024-11-26,hyderabad,Tablet,data anaytics training
A1004,data analytics course,156.0,3361.0,195.9,30.0,8.0,0.0489792299898682,1091.0,2024-11-22,hyderabad,Desktop,online data analytic
A1005,data analytics course,195.0,3776.0,243.57,10.0,8.0,0.0489792299898682,1315.0,2024-11-16,hyderabad,Mobile,data anaytics training
A1006,data analytics course,116.0,4480.0,237.79,17.0,5.0,0.043,1640.0,2024-06-11,hyderabad,Tablet,data analytics course
A1007,data analytics course,184.0,5060.0,229.61,23.0,3.0,0.016,1509.0,2024-11-24,hyderabad,Tablet,analytics for data
A1008,data analytics course,113.0,5434.0,215.09062325209752,27.0,4.0,0.058,1362.0,2024-11-24,hyderabad,Tablet,data anaytics training
A1009,data analytics course,166.0,3355.0,186.78,24.0,9.0,0.054,1029.0,2024-11-12,hyderabad,Mobile,online data analytic
A1010,data analytics course,101.0,5399.0,236.79,20.0,6.0,0.059,1900.0,2024-11-14,hyderabad,Desktop,learn data analytics
A1011,data analytics course,101.0,3613.0,208.12,24.0,5.0,0.05,1130.0,2024-11-22,hyderabad,Desktop,online data analytic
A1012,data analytics course,125.0,3259.0,191.3,18.0,3.0,0.024,1959.0,2024-11-27,hyderabad,Desktop,data analitics online
A1013,data analytics course,196.0,3742.0,207.46,10.0,7.0,0.038,1623.0,2024-12-11,hyderabad,Mobile,data anaytics training
A1014,data analytics course,181.0,4311.0,185.09,11.0,9.0,0.05,1538.0,2024-11-04,hyderabad,Desktop,data anaytics training
A1015,data analytics course,102.0,5461.0,201.69,22.0,8.0,0.078,1755.0,2024-11-29,hyderabad,Desktop,data analytics course
A1016,data analytics course,193.0,5159.0,215.09062325209752,15.0,9.0,0.047,1614.0,2024-11-10,hyderabad,Mobile,learn data analytics
A1017,data analytics course,149.0,4431.0,207.4,19.0,9.0,0.06,1693.0,2024-12-11,hyderabad,Mobile,learn data analytics
A1018,data analytics course,150.0,3113.0,217.41,20.0,5.0,0.0489792299898682,1785.0,2024-11-07,hyderabad,Mobile,analytics for data
A1019,data analytics course,145.0,5278.0,215.09062325209752,25.0,6.0,0.041,1516.0,2024-11-05,hyderabad,Desktop,data analytics course
A1020,data analytics course,184.0,4143.0,223.3,10.0,10.0,0.044,1735.0,2024-11-21,hyderabad,Tablet,learn data analytics
A1021,data analytics course,171.0,4154.0,184.23,30.0,7.0,0.041,1803.0,2024-11-08,hyderabad,Tablet,data analitics online
A1022,data analytics course,122.0,5187.0,211.24,27.0,6.0,0.049,1322.0,2024-11-20,hyderabad,Desktop,online data analytic
A1023,data analytics course,188.0,5798.0,230.17,28.0,5.0,0.047,1452.0,2024-11-30,hyderabad,Tablet,data analytics course
A1024,data analytics course,87.0,3718.0,215.09062325209752,12.0,3.0,0.034,1652.0,2024-11-20,hyderabad,Tablet,learn data analytics
A1025,data analytics course,88.0,3349.0,181.92,22.0,8.0,0.091,1456.0,2024-11-20,hyderabad,Tablet,learn data analytics
A1026,data analytics course,119.0,5323.0,205.92,17.0,10.0,0.06,1656.0,2024-11-02,hyderabad,Desktop,online data analytic
A1027,data analytics course,138.95699356913184,5286.0,234.89,22.0,10.0,0.0489792299898682,1688.0,2024-11-21,hyderabad,Desktop,data anaytics training
A1028,data analytics course,128.0,5469.0,188.49,16.0,3.0,0.0489792299898682,1783.0,2024-11-23,hyderabad,Mobile,learn data analytics
A1029,data analytics course,86.0,3351.0,237.75,21.0,9.0,0.105,1975.0,2024-11-13,hyderabad,Mobile,analytics for data
A1030,data analytics course,188.0,4834.0,213.58,15.0,4.0,0.021,1590.0,2024-11-08,hyderabad,Tablet,online data analytic
A1031,data analytics course,113.0,5065.0,212.37,11.0,5.0,0.0489792299898682,1111.0,2024-11-22,hyderabad,Desktop,online data analytic
A1032,data analytics course,138.95699356913184,3872.0,244.38,20.0,4.0,0.0489792299898682,1041.0,2024-12-11,hyderabad,Tablet,data analitics online
A1033,data analytics course,176.0,5509.0,234.59,19.0,7.0,0.054,1710.0,2024-11-03,hyderabad,Tablet,data analytics course
A1034,data analytics course,121.0,5610.0,214.96,23.0,8.0,0.0489792299898682,1498.6481105241771,2024-11-25,hyderabad,Mobile,data analytics course
A1035,data analytics course,104.0,5275.0,236.48,16.0,9.0,0.031,1824.0,2024-01-11,hyderabad,Desktop,data anaytics training
A1036,data analytics course,146.0,5939.0,242.9,11.0,8.0,0.035,1833.0,2024-11-07,hyderabad,Desktop,data anaytics training
A1037,data analytics course,123.0,5131.0,215.09062325209752,19.0,5.0,0.041,1307.0,2024-09-11,hyderabad,Mobile,learn data analytics
A1038,data analytics course,90.0,5786.0,197.55,11.0,6.0,0.043,1704.0,2024-11-16,hyderabad,Mobile,online data analytic
A1039,data analytics course,171.0,4304.0,192.61,17.0,10.0,0.058,1427.0,2024-11-26,hyderabad,Mobile,learn data analytics
A1040,data analytics course,94.0,5549.0,231.23,25.0,9.0,0.096,1849.0,2024-11-12,hyderabad,Mobile,data anaytics training
A1041,data analytics course,112.0,4271.0,196.07,27.0,6.0,0.0489792299898682,1209.0,2024-11-14,hyderabad,Desktop,data analitics online
A1042,data analytics course,113.0,4418.0,191.55,27.0,10.0,0.0489792299898682,1634.0,2024-11-09,hyderabad,Mobile,data analytics course
A1043,data analytics course,145.0,3721.0,180.95,21.0,7.0,0.048,1960.0,2024-11-29,hyderabad,Desktop,data analitics online
A1044,data analytics course,197.0,5783.0,204.46,23.0,6.0,0.0489792299898682,1729.0,2024-01-11,hyderabad,Tablet,data anaytics training
A1045,data analytics course,109.0,4866.0,236.78,27.0,5.0,0.0489792299898682,1585.0,2024-11-15,hyderabad,Mobile,online data analytic
A1046,data analytics course,188.0,5857.0,222.98,20.0,4.0,0.048,1303.0,2024-11-11,hyderabad,Desktop,data anaytics training
A1047,data analytics course,142.0,5103.0,234.1,24.0,3.0,0.021,1835.0,2024-11-08,hyderabad,Mobile,analytics for data
A1048,data analytics course,168.0,4653.0,240.84,27.0,9.0,0.054,1367.0,2024-11-24,hyderabad,Mobile,online data analytic
A1049,data analytics course,110.0,3524.0,248.86,19.0,10.0,0.091,1524.0,2024-11-21,hyderabad,Mobile,learn data analytics
A1050,data analytics course,192.0,5938.0,182.84,26.0,5.0,0.039,1080.0,2024-11-12,hyderabad,Mobile,analytics for data
A1051,data analytics course,101.0,3942.0,206.62,16.0,5.0,0.05,1746.0,2024-11-24,hyderabad,Tablet,analytics for data
A1052,data analytics course,157.0,3315.0,189.56,15.0,10.0,0.064,1026.0,2024-11-25,hyderabad,Mobile,online data analytic
A1053,data analytics course,113.0,4945.0,187.66,15.0,10.0,0.0489792299898682,1564.0,2024-11-26,hyderabad,Tablet,learn data analytics
A1054,data analytics course,96.0,3166.0,196.15,29.0,7.0,0.073,1902.0,2024-11-26,hyderabad,Desktop,learn data analytics
A1055,data analytics course,125.0,4223.0,183.68,15.0,6.0,0.0489792299898682,1267.0,2024-11-05,hyderabad,Desktop,data analitics online
A1056,data analytics course,104.0,4798.0,210.1,18.0,3.0,0.0489792299898682,1340.0,2024-11-21,hyderabad,Desktop,analytics for data
A1057,data analytics course,194.0,5655.0,208.58,13.0,6.0,0.031,1692.0,2024-11-16,hyderabad,Mobile,data anaytics training
A1058,data analytics course,144.0,5140.0,219.48,19.0,8.0,0.047,1054.0,2024-11-18,hyderabad,Desktop,data analitics online
A1059,data analytics course,179.0,3025.0,238.81,17.0,3.0,0.017,1498.6481105241771,2024-11-11,hyderabad,Mobile,data analitics online
A1060,data analytics course,166.0,5223.0,189.76,18.0,7.0,0.042,1219.0,2024-11-16,hyderabad,Tablet,data analytics course
A1061,data analytics course,166.0,5089.0,215.09062325209752,26.0,7.0,0.042,1946.0,2024-11-11,hyderabad,Tablet,analytics for data
A1062,data analytics course,118.0,5016.0,204.31,19.0,9.0,0.045,1833.0,2024-11-08,hyderabad,Desktop,analytics for data
A1063,data analytics course,185.0,3617.0,222.32,24.0,7.0,0.038,1963.0,2024-11-23,hyderabad,Mobile,data analytics course
A1064,data analytics course,116.0,3764.0,232.03,28.0,10.0,0.086,1348.0,2024-11-20,hyderabad,Tablet,data analytics course
A1065,data analytics course,99.0,4489.0,183.73,15.0,6.0,0.061,1264.0,2024-11-05,hyderabad,Desktop,online data analytic
A1066,data analytics course,172.0,4441.0,221.18,14.0,8.0,0.047,1771.0,2024-11-27,hyderabad,Mobile,analytics for data
A1067,data analytics course,138.0,5751.0,199.11,26.0,9.0,0.052,1337.0,2024-11-10,hyderabad,Desktop,data analitics online
A1068,data analytics course,84.0,4036.0,234.22,23.0,10.0,0.119,1287.0,2024-04-11,hyderabad,Desktop,learn data analytics
A1069,data analytics course,124.0,4942.0,240.59,18.0,3.0,0.024,1922.0,2024-11-16,hyderabad,Desktop,learn data analytics
A1070,data analytics course,122.0,4989.0,215.48,12.0,5.0,0.041,1975.0,2024-11-06,hyderabad,Mobile,data analitics online
A1071,data analytics course,180.0,3006.0,228.14,22.0,7.0,0.039,1556.0,2024-11-04,hyderabad,Tablet,learn data analytics
A1072,data analytics course,133.0,3728.0,199.13,11.0,10.0,0.0489792299898682,1498.6481105241771,2024-11-09,hyderabad,Desktop,data analitics online
A1073,data analytics course,164.0,3734.0,225.39,27.0,8.0,0.04,1728.0,2024-12-11,hyderabad,Tablet,learn data analytics
A1074,data analytics course,150.0,4621.0,246.3,15.0,6.0,0.049,1554.0,2024-11-09,hyderabad,Desktop,data analitics online
A1075,data analytics course,97.0,3212.0,212.55,27.0,10.0,0.103,1994.0,2024-11-23,hyderabad,Desktop,analytics for data
A1076,data analytics course,128.0,4225.0,228.24,30.0,4.0,0.031,1618.0,2024-11-08,hyderabad,Mobile,learn data analytics
A1077,data analytics course,99.0,4779.0,233.78,26.0,10.0,0.101,1086.0,2024-11-05,hyderabad,Desktop,online data analytic
A1078,data analytics course,86.0,5352.0,234.05,11.0,5.0,0.058,1364.0,2024-11-09,hyderabad,Tablet,online data analytic
A1079,data analytics course,118.0,5405.0,187.28,25.0,7.0,0.058,1836.0,2024-11-05,hyderabad,Tablet,analytics for data
A1080,data analytics course,127.0,5430.0,199.13,14.0,6.0,0.047,1932.0,2024-11-25,hyderabad,Mobile,analytics for data
A1081,data analytics course,83.0,4808.0,241.35,20.0,7.0,0.084,1038.0,2024-11-30,hyderabad,Mobile,learn data analytics
A1082,data analytics course,149.0,3587.0,217.53,23.0,8.0,0.0489792299898682,1498.6481105241771,2024-11-17,hyderabad,Mobile,data analitics online
A1083,data analytics course,168.0,4683.0,215.28,30.0,8.0,0.048,1327.0,2024-11-28,hyderabad,Mobile,data analitics online
A1084,data analytics course,112.0,5814.0,227.38,11.0,8.0,0.071,1467.0,2024-11-03,hyderabad,Tablet,analytics for data
A1085,data analytics course,123.0,3292.0,233.2,28.0,6.0,0.049,1174.0,2024-11-19,hyderabad,Desktop,data anaytics training
A1086,data analytics course,174.0,4305.0,206.02,20.0,3.0,0.034,1057.0,2024-11-23,hyderabad,Desktop,learn data analytics
A1087,data analytics course,143.0,4368.0,215.09062325209752,27.0,7.0,0.049,1199.0,2024-03-11,hyderabad,Tablet,analytics for data
A1088,data analytics course,195.0,5935.0,209.68,23.0,9.0,0.046,1966.0,2024-11-07,hyderabad,Tablet,online data analytic
A1089,data analytics course,176.0,5847.0,241.04,13.0,6.0,0.034,1194.0,2024-11-02,hyderabad,Desktop,online data analytic
A1090,data analytics course,141.0,4851.0,227.39,28.0,5.0,0.0489792299898682,1821.0,2024-11-15,hyderabad,Desktop,analytics for data
A1091,data analytics course,108.0,4710.0,204.16,19.0,10.0,0.093,1731.0,2024-11-20,hyderabad,Tablet,data analitics online
A1092,data analytics course,112.0,3345.0,215.09062325209752,11.0,6.0,0.047,1859.0,2024-11-23,hyderabad,Tablet,analytics for data
A1093,data analytics course,138.95699356913184,5903.0,184.41,23.0,9.0,0.0489792299898682,1188.0,2024-11-20,hyderabad,Tablet,online data analytic
A1094,data analytics course,145.0,5004.0,216.45,22.0,5.0,0.034,1496.0,2024-11-01,hyderabad,Tablet,data analitics online
A1095,data analytics course,183.0,3947.0,197.3,15.0,8.0,0.044,1645.0,2024-11-14,hyderabad,Desktop,data anaytics training
A1096,data analytics course,113.0,3690.0,229.42,20.0,5.0,0.044,1915.0,2024-11-28,hyderabad,Tablet,learn data analytics
A1097,data analytics course,101.0,5943.0,187.32,27.0,6.0,0.059,1614.0,2024-11-15,hyderabad,Tablet,data analitics online
A1098,data analytics course,189.0,5357.0,222.5,24.0,3.0,0.05,1839.0,2024-11-25,hyderabad,Tablet,data analytics course
A1099,data analytics course,154.0,3596.0,236.14,30.0,9.0,0.058,1036.0,2024-11-06,hyderabad,Tablet,online data analytic
A1100,data analytics course,179.0,5162.0,246.76,16.0,5.0,0.05,1052.0,2024-11-29,hyderabad,Desktop,online data analytic
A1101,data analytics course,148.0,3747.0,244.41,18.0,8.0,0.054,1092.0,2024-11-17,hyderabad,Tablet,learn data analytics
A1102,data analytics course,177.0,4822.0,197.03,26.0,9.0,0.051,1909.0,2024-11-04,hyderabad,Mobile,online data analytic
A1103,data analytics course,119.0,5800.0,221.36,11.0,8.0,0.0489792299898682,1498.6481105241771,2024-11-29,hyderabad,Desktop,analytics for data
A1104,data analytics course,89.0,3594.0,215.09062325209752,14.0,6.0,0.067,1026.0,2024-11-15,hyderabad,Tablet,data analytics course
A1105,data analytics course,146.0,4765.0,230.22,23.0,5.0,0.034,1944.0,2024-11-28,hyderabad,Tablet,analytics for data
A1106,data analytics course,109.0,4128.0,183.65,12.0,5.0,0.0489792299898682,1498.6481105241771,2024-11-30,hyderabad,Desktop,data analitics online
A1107,data analytics course,159.0,5127.0,197.16,21.0,4.0,0.025,1867.0,2024-11-03,hyderabad,Tablet,learn data analytics
A1108,data analytics course,144.0,5674.0,235.36,12.0,3.0,0.021,1505.0,2024-11-22,hyderabad,Desktop,analytics for data
A1109,data analytics course,122.0,3793.0,237.22,19.0,8.0,0.066,1842.0,2024-11-20,hyderabad,Tablet,online data analytic
A1110,data analytics course,112.0,4315.0,235.33,28.0,9.0,0.08,1116.0,2024-11-08,hyderabad,Mobile,data analytics course
A1111,data analytics course,174.0,4704.0,192.32,21.0,10.0,0.049,1501.0,2024-11-24,hyderabad,Mobile,learn data analytics
A1112,data analytics course,168.0,3349.0,235.6,23.0,9.0,0.054,1894.0,2024-11-09,hyderabad,Mobile,online data analytic
A1113,data analytics course,173.0,3501.0,223.9,28.0,10.0,0.044,1179.0,2024-11-25,hyderabad,Mobile,data analytics course
A1114,data analytics course,91.0,4523.280832678712,203.52,24.0,9.0,0.099,1838.0,2024-11-20,hyderabad,Desktop,data analytics course
A1115,data analytics course,140.0,5405.0,195.69,21.0,8.0,0.0489792299898682,1094.0,2024-11-21,hyderabad,Desktop,data anaytics training
A1116,data analytics course,93.0,3425.0,229.76,26.0,4.0,0.043,1344.0,2024-11-24,hyderabad,Mobile,online data analytic
A1117,data analytics course,114.0,5263.0,189.13,23.0,5.0,0.044,1434.0,2024-05-11,hyderabad,Mobile,data analytics course
A1118,data analytics course,172.0,3889.0,215.09062325209752,21.0,10.0,0.0489792299898682,1766.0,2024-11-16,hyderabad,Tablet,online data analytic
A1119,data analytics course,188.0,3327.0,193.76,24.0,6.0,0.047,1220.0,2024-03-11,hyderabad,Tablet,online data analytic
A1120,data analytics course,117.0,4523.280832678712,214.18,29.0,4.0,0.034,1348.0,2024-11-23,hyderabad,Mobile,learn data analytics
A1121,data analytics course,113.0,5471.0,215.57,27.0,9.0,0.038,1123.0,2024-11-23,hyderabad,Mobile,analytics for data
A1122,data analytics course,109.0,3550.0,240.33,14.0,8.0,0.073,1982.0,2024-11-24,hyderabad,Tablet,learn data analytics
A1123,data analytics course,174.0,3178.0,225.67,18.0,10.0,0.057,1140.0,2024-11-20,hyderabad,Desktop,data analitics online
A1124,data analytics course,96.0,4673.0,192.88,24.0,5.0,0.052,1962.0,2024-11-10,hyderabad,Mobile,learn data analytics
A1125,data analytics course,110.0,4254.0,187.87,11.0,4.0,0.0489792299898682,1172.0,2024-11-04,hyderabad,Mobile,data anaytics training
A1126,data analytics course,163.0,3658.0,237.63,23.0,7.0,0.043,1699.0,2024-11-23,hyderabad,Tablet,online data analytic
A1127,data analytics course,161.0,5319.0,235.98,13.0,4.0,0.025,1423.0,2024-11-18,hyderabad,Mobile,learn data analytics
A1128,data analytics course,195.0,5278.0,193.49,30.0,7.0,0.047,1456.0,2024-11-04,hyderabad,Mobile,data analytics course
A1129,data analytics course,84.0,3755.0,218.88,14.0,9.0,0.047,1299.0,2024-11-05,hyderabad,Tablet,analytics for data
A1130,data analytics course,113.0,4580.0,194.82,11.0,6.0,0.059,1248.0,2024-11-28,hyderabad,Tablet,data analytics course
A1131,data analytics course,117.0,3809.0,225.14,12.0,5.0,0.032,1495.0,2024-11-09,hyderabad,Desktop,data anaytics training
A1132,data analytics course,135.0,5118.0,219.99,27.0,6.0,0.044,1089.0,2024-11-20,hyderabad,Mobile,online data analytic
A1133,data analytics course,92.0,5766.0,186.14,28.0,7.0,0.076,1013.0,2024-11-27,hyderabad,Tablet,data anaytics training
A1134,data analytics course,188.0,3934.0,206.21,16.0,9.0,0.048,1498.6481105241771,2024-04-11,hyderabad,Desktop,data analytics course
A1135,data analytics course,101.0,4724.0,228.38,13.0,7.0,0.034,1243.0,2024-11-20,hyderabad,Desktop,learn data analytics
A1136,data analytics course,111.0,5895.0,205.25,29.0,4.0,0.036,1693.0,2024-11-04,hyderabad,Mobile,data analytics course
A1137,data analytics course,122.0,4048.0,202.23,28.0,10.0,0.082,1498.6481105241771,2024-11-26,hyderabad,Mobile,online data analytic
A1138,data analytics course,99.0,3169.0,237.68,21.0,6.0,0.0489792299898682,1509.0,2024-11-22,hyderabad,Mobile,online data analytic
A1139,data analytics course,154.0,4535.0,229.29,11.0,3.0,0.019,1434.0,2024-11-01,hyderabad,Tablet,data anaytics training
A1140,data analytics course,129.0,3849.0,249.29,22.0,10.0,0.078,1767.0,2024-11-11,hyderabad,Desktop,analytics for data
A1141,data analytics course,138.95699356913184,4259.0,182.98,10.0,10.0,0.031,1048.0,2024-11-16,hyderabad,Mobile,analytics for data
A1142,data analytics course,143.0,3628.0,215.09062325209752,18.0,9.0,0.063,1566.0,2024-11-17,hyderabad,Tablet,data analytics course
A1143,data analytics course,80.0,3269.0,215.09062325209752,12.0,4.0,0.05,1753.0,2024-11-23,hyderabad,Desktop,data analitics online
A1144,data analytics course,134.0,3724.0,188.02,26.0,9.0,0.047,1891.0,2024-11-07,hyderabad,Desktop,online data analytic
A1145,data analytics course,174.0,4838.0,242.35,21.0,3.0,0.017,1599.0,2024-11-22,hyderabad,Desktop,data analitics online
A1146,data analytics course,196.0,4524.0,192.01,15.0,8.0,0.041,1048.0,2024-11-13,hyderabad,Desktop,data analytics course
A1147,data analytics course,194.0,4694.0,228.15,17.0,7.0,0.036,1874.0,2024-11-14,hyderabad,Tablet,learn data analytics
A1148,data analytics course,180.0,4326.0,221.67,13.0,7.0,0.0489792299898682,1427.0,2024-06-11,hyderabad,Tablet,online data analytic
A1149,data analytics course,100.0,4235.0,222.61,10.0,8.0,0.051,1814.0,2024-01-11,hyderabad,Desktop,data anaytics training
A1150,data analytics course,153.0,4367.0,184.51,29.0,9.0,0.059,1507.0,2024-11-13,hyderabad,Mobile,analytics for data
A1151,data analytics course,110.0,3748.0,198.68,24.0,9.0,0.082,1041.0,2024-05-11,hyderabad,Tablet,data anaytics training
A1152,data analytics course,116.0,3901.0,215.09062325209752,21.0,4.0,0.034,1483.0,2024-11-13,hyderabad,Tablet,online data analytic
A1153,data analytics course,156.0,3335.0,236.98,29.0,7.0,0.045,1143.0,2024-11-14,hyderabad,Desktop,data analytics course
A1154,data analytics course,177.0,5671.0,210.74,19.0,6.0,0.058,1172.0,2024-11-25,hyderabad,Tablet,data analytics course
A1155,data analytics course,89.0,3408.0,214.78,25.0,9.0,0.101,1898.0,2024-11-15,hyderabad,Mobile,data analytics course
A1156,data analytics course,155.0,4422.0,183.96,14.0,8.0,0.037,1143.0,2024-11-15,hyderabad,Mobile,analytics for data
A1157,data analytics course,123.0,3097.0,190.55,20.0,8.0,0.065,1640.0,2024-11-22,hyderabad,Tablet,data analytics course
A1158,data analytics course,102.0,3621.0,244.82,10.0,5.0,0.049,1375.0,2024-11-12,hyderabad,Mobile,learn data analytics
A1159,data analytics course,150.0,4806.0,244.53,15.0,9.0,0.0489792299898682,1602.0,2024-07-11,hyderabad,Mobile,data analitics online
A1160,data analytics course,160.0,4523.280832678712,245.87,11.0,6.0,0.037,1498.6481105241771,2024-11-05,hyderabad,Desktop,analytics for data
A1161,data analytics course,143.0,3901.0,191.38,29.0,4.0,0.053,1786.0,2024-11-24,hyderabad,Mobile,learn data analytics
A1162,data analytics course,178.0,4673.0,222.46,29.0,6.0,0.051,1219.0,2024-11-04,hyderabad,Tablet,online data analytic
A1163,data analytics course,152.0,3542.0,208.96,13.0,9.0,0.0489792299898682,1735.0,2024-11-13,hyderabad,Desktop,data analytics course
A1164,data analytics course,139.0,4347.0,238.19,26.0,5.0,0.0489792299898682,1384.0,2024-11-13,hyderabad,Tablet,analytics for data
A1165,data analytics course,175.0,5014.0,247.24,25.0,7.0,0.04,1499.0,2024-11-15,hyderabad,Mobile,learn data analytics
A1166,data analytics course,92.0,4185.0,218.46,21.0,9.0,0.035,1567.0,2024-11-03,hyderabad,Mobile,data analitics online
A1167,data analytics course,123.0,5964.0,215.09062325209752,17.0,6.0,0.0489792299898682,1363.0,2024-11-03,hyderabad,Desktop,data anaytics training
A1168,data analytics course,86.0,5124.0,183.71,13.0,10.0,0.116,1137.0,2024-11-20,hyderabad,Mobile,data anaytics training
A1169,data analytics course,117.0,4162.0,238.08,28.0,10.0,0.085,1186.0,2024-11-22,hyderabad,Mobile,online data analytic
A1170,data analytics course,146.0,4330.0,191.9,20.0,3.0,0.021,1748.0,2024-11-09,hyderabad,Mobile,online data analytic
A1171,data analytics course,89.0,3268.0,215.09062325209752,17.0,4.0,0.045,1233.0,2024-11-13,hyderabad,Desktop,online data analytic
A1172,data analytics course,195.0,3483.0,213.99,27.0,7.0,0.036,1796.0,2024-11-23,hyderabad,Desktop,learn data analytics
A1173,data analytics course,170.0,4519.0,240.63,22.0,7.0,0.041,1012.0,2024-11-27,hyderabad,Mobile,analytics for data
A1174,data analytics course,97.0,3605.0,240.29,21.0,7.0,0.045,1682.0,2024-11-10,hyderabad,Desktop,data analitics online
A1175,data analytics course,159.0,5076.0,204.97,15.0,10.0,0.063,1638.0,2024-11-17,hyderabad,Tablet,data analytics course
A1176,data analytics course,131.0,5352.0,225.86,24.0,10.0,0.0489792299898682,1961.0,2024-11-20,hyderabad,Mobile,online data analytic
A1177,data analytics course,108.0,5503.0,185.26,11.0,7.0,0.065,1921.0,2024-06-11,hyderabad,Mobile,data analitics online
A1178,data analytics course,93.0,4308.0,209.83,19.0,9.0,0.097,1694.0,2024-11-20,hyderabad,Mobile,data analytics course
A1179,data analytics course,137.0,3555.0,213.5,29.0,3.0,0.0489792299898682,1498.6481105241771,2024-11-06,hyderabad,Desktop,data analytics course
A1180,data analytics course,81.0,5615.0,193.14,30.0,6.0,0.074,1255.0,2024-11-28,hyderabad,Mobile,analytics for data
A1181,data analytics course,160.0,4743.0,206.22,23.0,10.0,0.062,1825.0,2024-11-20,hyderabad,Mobile,learn data analytics
A1182,data analytics course,186.0,3337.0,183.58,16.0,8.0,0.043,1045.0,2024-11-30,hyderabad,Desktop,online data analytic
A1183,data analytics course,105.0,3234.0,238.8,27.0,10.0,0.095,1248.0,2024-11-06,hyderabad,Desktop,online data analytic
A1184,data analytics course,131.0,3913.0,203.69,14.0,10.0,0.0489792299898682,1079.0,2024-11-25,hyderabad,Desktop,data anaytics training
A1185,data analytics course,129.0,3208.0,204.2,18.0,8.0,0.032,1456.0,2024-11-29,hyderabad,Desktop,learn data analytics
A1186,data analytics course,187.0,5972.0,220.64,30.0,7.0,0.037,1980.0,2024-11-14,hyderabad,Desktop,data analytics course
A1187,data analytics course,167.0,3662.0,235.43,10.0,7.0,0.042,1684.0,2024-11-25,hyderabad,Mobile,data anaytics training
A1188,data analytics course,140.0,3359.0,182.13,29.0,7.0,0.045,1973.0,2024-11-28,hyderabad,Desktop,data analitics online
A1189,data analytics course,198.0,3700.0,220.67,14.0,5.0,0.0489792299898682,1531.0,2024-11-10,hyderabad,Mobile,analytics for data
A1190,data analytics course,196.0,3835.0,218.07,10.0,9.0,0.041,1871.0,2024-04-11,hyderabad,Tablet,online data analytic
A1191,data analytics course,140.0,5638.0,208.02,22.0,5.0,0.0489792299898682,1652.0,2024-11-18,hyderabad,Desktop,data anaytics training
A1192,data analytics course,157.0,5825.0,230.6,16.0,3.0,0.019,1041.0,2024-11-16,hyderabad,Desktop,data anaytics training
A1193,data analytics course,91.0,5428.0,248.38,11.0,3.0,0.033,1835.0,2024-11-22,hyderabad,Tablet,learn data analytics
A1194,data analytics course,140.0,3571.0,238.12,21.0,9.0,0.064,1762.0,2024-11-16,hyderabad,Desktop,learn data analytics
A1195,data analytics course,154.0,3638.0,182.17,11.0,8.0,0.056,1413.0,2024-11-04,hyderabad,Mobile,online data analytic
A1196,data analytics course,133.0,4505.0,200.52,23.0,3.0,0.039,1562.0,2024-11-26,hyderabad,Tablet,analytics for data
A1197,data analytics course,138.95699356913184,5016.0,238.59,26.0,9.0,0.0489792299898682,1620.0,2024-11-20,hyderabad,Mobile,data analitics online
A1198,data analytics course,141.0,3071.0,208.2,10.0,6.0,0.043,1647.0,2024-11-18,hyderabad,Tablet,data analitics online
A1199,data analytics course,135.0,5682.0,215.09062325209752,30.0,3.0,0.0489792299898682,1445.0,2024-11-15,hyderabad,Tablet,data anaytics training
A1200,data analytics course,199.0,5067.0,247.38,24.0,8.0,0.059,1365.0,2024-11-19,hyderabad,Mobile,analytics for data
A1201,data analytics course,138.0,3971.0,184.87,28.0,3.0,0.022,1718.0,2024-11-07,hyderabad,Tablet,learn data analytics
A1202,data analytics course,175.0,4481.0,236.38,21.0,10.0,0.057,1257.0,2024-11-20,hyderabad,Desktop,data analytics course
A1203,data analytics course,170.0,5476.0,186.29,25.0,4.0,0.024,1731.0,2024-08-11,hyderabad,Mobile,analytics for data
A1204,data analytics course,138.0,4426.0,203.75,24.0,10.0,0.072,1838.0,2024-11-05,hyderabad,Mobile,data analytics course
A1205,data analytics course,108.0,4080.0,247.8,18.0,4.0,0.037,1363.0,2024-11-30,hyderabad,Tablet,online data analytic
A1206,data analytics course,150.0,4113.0,219.67,12.0,7.0,0.047,1196.0,2024-11-22,hyderabad,Mobile,learn data analytics
A1207,data analytics course,90.0,5119.0,226.58,14.0,10.0,0.111,1348.0,2024-11-07,hyderabad,Desktop,analytics for data
A1208,data analytics course,98.0,3422.0,223.55,17.0,7.0,0.0489792299898682,1414.0,2024-11-19,hyderabad,Tablet,online data analytic
A1209,data analytics course,130.0,3327.0,224.83,13.0,3.0,0.023,1668.0,2024-11-16,hyderabad,Mobile,online data analytic
A1210,data analytics course,199.0,4523.280832678712,199.98,15.0,8.0,0.04,1467.0,2024-11-08,hyderabad,Tablet,data anaytics training
A1211,data analytics course,101.0,3241.0,183.34,24.0,7.0,0.0489792299898682,1483.0,2024-10-11,hyderabad,Tablet,data anaytics training
A1212,data analytics course,118.0,3970.0,215.09062325209752,27.0,9.0,0.076,1036.0,2024-11-19,hyderabad,Desktop,data analytics course
A1213,data analytics course,199.0,5734.0,247.99,18.0,7.0,0.0489792299898682,1455.0,2024-11-11,hyderabad,Desktop,data analitics online
A1214,data analytics course,183.0,4001.0,237.85,23.0,4.0,0.022,1430.0,2024-11-21,hyderabad,Mobile,online data analytic
A1215,data analytics course,126.0,4206.0,233.76,29.0,10.0,0.041,1998.0,2024-11-06,hyderabad,Tablet,online data analytic
A1216,data analytics course,199.0,4745.0,215.09062325209752,13.0,9.0,0.0489792299898682,1800.0,2024-11-28,hyderabad,Tablet,analytics for data
A1217,data analytics course,92.0,4042.0,200.75,15.0,7.0,0.076,1234.0,2024-11-24,hyderabad,Tablet,learn data analytics
A1218,data analytics course,138.95699356913184,4883.0,249.61,10.0,3.0,0.0489792299898682,1464.0,2024-11-12,hyderabad,Tablet,online data analytic
A1219,data analytics course,92.0,3748.0,208.15,14.0,8.0,0.087,1297.0,2024-11-02,hyderabad,Desktop,analytics for data
A1220,data analytics course,135.0,3480.0,224.94,11.0,4.0,0.03,1398.0,2024-11-23,hyderabad,Tablet,data analitics online
A1221,data analytics course,177.0,3007.0,223.22,30.0,8.0,0.045,1766.0,2024-11-02,hyderabad,Mobile,data analitics online
A1222,data analytics course,117.0,3380.0,186.73,21.0,10.0,0.055,1958.0,2024-11-19,hyderabad,Desktop,data anaytics training
A1223,data analytics course,127.0,4823.0,194.69,11.0,10.0,0.057,1496.0,2024-11-15,hyderabad,Desktop,data analytics course
A1224,data analytics course,132.0,4490.0,202.45,10.0,7.0,0.053,1441.0,2024-11-10,hyderabad,Mobile,data analitics online
A1225,data analytics course,102.0,5149.0,229.48,27.0,9.0,0.088,1137.0,2024-11-26,hyderabad,Desktop,learn data analytics
A1226,data analytics course,91.0,4290.0,213.74,24.0,10.0,0.0489792299898682,1797.0,2024-11-16,hyderabad,Mobile,online data analytic
A1227,data analytics course,163.0,5643.0,217.4,30.0,6.0,0.0489792299898682,1678.0,2024-11-01,hyderabad,Desktop,data analitics online
A1228,data analytics course,92.0,3916.0,188.1,24.0,6.0,0.065,1005.0,2024-11-14,hyderabad,Desktop,online data analytic
A1229,data analytics course,165.0,4551.0,185.35,30.0,7.0,0.0489792299898682,1662.0,2024-11-06,hyderabad,Desktop,data analitics online
A1230,data analytics course,127.0,3344.0,201.7,10.0,8.0,0.0489792299898682,1190.0,2024-11-11,hyderabad,Desktop,analytics for data
A1231,data analytics course,178.0,4441.0,231.97,22.0,4.0,0.022,1886.0,2024-11-24,hyderabad,Mobile,analytics for data
A1232,data analytics course,101.0,4523.280832678712,234.17,29.0,5.0,0.05,1568.0,2024-11-27,hyderabad,Mobile,data anaytics training
A1233,data analytics course,161.0,5977.0,193.27,24.0,7.0,0.0489792299898682,1366.0,2024-11-13,hyderabad,Desktop,online data analytic
A1234,data analytics course,95.0,4562.0,187.62,24.0,9.0,0.095,1239.0,2024-11-26,hyderabad,Desktop,data anaytics training
A1235,data analytics course,85.0,5099.0,232.56,28.0,9.0,0.0489792299898682,1526.0,2024-02-11,hyderabad,Mobile,data anaytics training
A1236,data analytics course,192.0,5852.0,181.05,16.0,8.0,0.042,1600.0,2024-11-21,hyderabad,Desktop,analytics for data
A1237,data analytics course,80.0,3823.0,181.57,13.0,4.0,0.0489792299898682,1564.0,2024-11-13,hyderabad,Desktop,online data analytic
A1238,data analytics course,191.0,4612.0,238.23,20.0,10.0,0.052,1531.0,2024-01-11,hyderabad,Mobile,learn data analytics
A1239,data analytics course,147.0,5881.0,196.34,23.0,7.0,0.048,1614.0,2024-11-18,hyderabad,Desktop,data anaytics training
A1240,data analytics course,100.0,5204.0,197.53,26.0,4.0,0.04,1675.0,2024-11-24,hyderabad,Tablet,data analytics course
A1241,data analytics course,82.0,5130.0,233.75,24.0,9.0,0.11,1498.6481105241771,2024-11-15,hyderabad,Mobile,data analitics online
A1242,data analytics course,123.0,5231.0,202.93,30.0,10.0,0.081,1551.0,2024-11-23,hyderabad,Desktop,online data analytic
A1243,data analytics course,165.0,5980.0,248.41,17.0,3.0,0.018,1803.0,2024-06-11,hyderabad,Tablet,online data analytic
A1244,data analytics course,167.0,3202.0,214.87,26.0,6.0,0.036,1571.0,2024-12-11,hyderabad,Desktop,data analitics online
A1245,data analytics course,111.0,5847.0,196.71,21.0,9.0,0.081,1445.0,2024-11-30,hyderabad,Mobile,online data analytic
A1246,data analytics course,94.0,4359.0,215.09062325209752,28.0,5.0,0.045,1920.0,2024-11-07,hyderabad,Tablet,learn data analytics
A1247,data analytics course,179.0,3185.0,236.74,29.0,5.0,0.0489792299898682,1156.0,2024-11-11,hyderabad,Desktop,data analytics course
A1248,data analytics course,166.0,5592.0,183.03,22.0,4.0,0.024,1636.0,2024-11-22,hyderabad,Tablet,online data analytic
A1249,data analytics course,90.0,5062.0,191.4,23.0,6.0,0.0489792299898682,1775.0,2024-11-19,hyderabad,Tablet,data analytics course
A1250,data analytics course,106.0,5830.0,241.9,29.0,10.0,0.035,1897.0,2024-11-02,hyderabad,Desktop,data anaytics training
A1251,data analytics course,138.95699356913184,4629.0,236.96,10.0,6.0,0.0489792299898682,1183.0,2024-06-11,hyderabad,Desktop,data anaytics training
A1252,data analytics course,158.0,4780.0,247.2,23.0,9.0,0.0489792299898682,1005.0,2024-11-24,hyderabad,Desktop,learn data analytics
A1253,data analytics course,187.0,3800.0,241.0,16.0,8.0,0.043,1842.0,2024-11-09,hyderabad,Mobile,analytics for data
A1254,data analytics course,95.0,4096.0,242.69,26.0,9.0,0.095,1550.0,2024-11-22,hyderabad,Tablet,online data analytic
A1255,data analytics course,118.0,3562.0,231.5,12.0,3.0,0.025,1856.0,2024-11-19,hyderabad,Desktop,data analytics course
A1256,data analytics course,166.0,3910.0,191.32,27.0,7.0,0.042,1498.6481105241771,2024-11-15,hyderabad,Mobile,analytics for data
A1257,data analytics course,146.0,5411.0,201.76,28.0,7.0,0.048,1393.0,2024-11-14,hyderabad,Desktop,data analitics online
A1258,data analytics course,101.0,4026.0,219.68,22.0,9.0,0.089,1149.0,2024-11-15,hyderabad,Desktop,analytics for data
A1259,data analytics course,185.0,3716.0,218.23,27.0,7.0,0.056,1015.0,2024-11-03,hyderabad,Desktop,online data analytic
A1260,data analytics course,147.0,5162.0,186.79,30.0,7.0,0.048,1733.0,2024-11-25,hyderabad,Desktop,analytics for data
A1261,data analytics course,188.0,3859.0,211.83,30.0,9.0,0.048,1719.0,2024-11-28,hyderabad,Mobile,online data analytic
A1262,data analytics course,122.0,3350.0,225.89,28.0,3.0,0.0489792299898682,1509.0,2024-11-24,hyderabad,Desktop,data analitics online
A1263,data analytics course,143.0,5340.0,215.09062325209752,20.0,9.0,0.063,1223.0,2024-11-05,hyderabad,Tablet,online data analytic
A1264,data analytics course,170.0,3124.0,234.92,17.0,3.0,0.018,1232.0,2024-11-11,hyderabad,Desktop,data anaytics training
A1265,data analytics course,114.0,5017.0,242.62,11.0,6.0,0.053,1303.0,2024-11-17,hyderabad,Mobile,data analitics online
A1266,data analytics course,186.0,3424.0,201.81,27.0,3.0,0.016,1337.0,2024-11-26,hyderabad,Desktop,data anaytics training
A1267,data analytics course,120.0,4060.0,210.95,24.0,9.0,0.075,1376.0,2024-11-05,hyderabad,Tablet,data analitics online
A1268,data analytics course,130.0,5688.0,212.05,21.0,5.0,0.038,1454.0,2024-11-17,hyderabad,Desktop,learn data analytics
A1269,data analytics course,178.0,5029.0,189.79,25.0,8.0,0.045,1510.0,2024-09-11,hyderabad,Desktop,data anaytics training
A1270,data analytics course,196.0,5476.0,204.63,19.0,4.0,0.02,1288.0,2024-11-26,hyderabad,Desktop,data anaytics training
A1271,data analytics course,110.0,5000.0,197.89,18.0,3.0,0.027,1110.0,2024-11-12,hyderabad,Desktop,online data analytic
A1272,data analytics course,95.0,4141.0,207.14,22.0,3.0,0.054,1929.0,2024-11-11,hyderabad,Tablet,learn data analytics
A1273,data analytics course,183.0,4791.0,232.97,27.0,5.0,0.0489792299898682,1476.0,2024-11-21,hyderabad,Desktop,data analitics online
A1274,data analytics course,100.0,4168.0,193.6,30.0,3.0,0.03,1692.0,2024-11-25,hyderabad,Desktop,online data analytic
A1275,data analytics course,187.0,3741.0,226.11,27.0,10.0,0.053,1342.0,2024-11-14,hyderabad,Tablet,learn data analytics
A1276,data analytics course,90.0,3577.0,233.54,24.0,5.0,0.052,1175.0,2024-11-14,hyderabad,Tablet,analytics for data
A1277,data analytics course,148.0,4469.0,209.76,25.0,8.0,0.054,1498.6481105241771,2024-11-25,hyderabad,Tablet,data analytics course
A1278,data analytics course,129.0,3611.0,227.82,11.0,7.0,0.054,1250.0,2024-11-22,hyderabad,Tablet,data anaytics training
A1279,data analytics course,120.0,3947.0,193.49,15.0,6.0,0.05,1305.0,2024-11-12,hyderabad,Mobile,data anaytics training
A1280,data analytics course,82.0,4239.0,191.75,23.0,8.0,0.0489792299898682,1062.0,2024-11-22,hyderabad,Mobile,learn data analytics
A1281,data analytics course,145.0,5973.0,242.16,12.0,7.0,0.048,1508.0,2024-11-14,hyderabad,Tablet,online data analytic
A1282,data analytics course,190.0,4525.0,188.85,10.0,5.0,0.026,1875.0,2024-11-01,hyderabad,Tablet,data anaytics training
A1283,data analytics course,137.0,4395.0,241.58,24.0,4.0,0.043,1512.0,2024-11-06,hyderabad,Desktop,online data analytic
A1284,data analytics course,157.0,3047.0,222.66,19.0,3.0,0.019,1964.0,2024-01-11,hyderabad,Mobile,data analitics online
A1285,data analytics course,105.0,5348.0,226.1,27.0,5.0,0.048,1003.0,2024-12-11,hyderabad,Tablet,learn data analytics
A1286,data analytics course,149.0,3101.0,231.44,15.0,9.0,0.06,1126.0,2024-11-06,hyderabad,Tablet,data anaytics training
A1287,data analytics course,159.0,3693.0,187.09,24.0,6.0,0.038,1256.0,2024-11-24,hyderabad,Desktop,learn data analytics
A1288,data analytics course,150.0,5590.0,215.09062325209752,20.0,8.0,0.0489792299898682,1286.0,2024-02-11,hyderabad,Mobile,data analytics course
A1289,data analytics course,138.95699356913184,5277.0,227.46,10.0,5.0,0.0489792299898682,1541.0,2024-11-15,hyderabad,Tablet,data analitics online
A1290,data analytics course,98.0,4653.0,205.84,29.0,5.0,0.051,1866.0,2024-02-11,hyderabad,Mobile,data analitics online
A1291,data analytics course,86.0,3513.0,211.16,22.0,7.0,0.0489792299898682,1917.0,2024-10-11,hyderabad,Desktop,data analytics course
A1292,data analytics course,128.0,5772.0,235.54,20.0,10.0,0.078,1215.0,2024-04-11,hyderabad,Desktop,data anaytics training
A1293,data analytics course,105.0,5840.0,236.56,22.0,8.0,0.047,1811.0,2024-11-24,hyderabad,Tablet,data analytics course
A1294,data analytics course,90.0,4523.280832678712,249.0,21.0,10.0,0.0489792299898682,1245.0,2024-11-19,hyderabad,Mobile,data analytics course
A1295,data analytics course,89.0,5158.0,211.76,20.0,5.0,0.056,1119.0,2024-11-21,hyderabad,Desktop,online data analytic
A1296,data analytics course,119.0,3489.0,194.36,14.0,3.0,0.055,1633.0,2024-11-10,hyderabad,Mobile,data analytics course
A1297,data analytics course,173.0,3977.0,229.82,30.0,5.0,0.037,1584.0,2024-11-22,hyderabad,Desktop,learn data analytics
A1298,data analytics course,95.0,3397.0,181.89,24.0,7.0,0.074,1560.0,2024-11-27,hyderabad,Tablet,data analytics course
A1299,data analytics course,112.0,5194.0,245.97,10.0,5.0,0.045,1016.0,2024-11-21,hyderabad,Tablet,data anaytics training
A1300,data analytics course,134.0,3007.0,217.53,10.0,5.0,0.037,1371.0,2024-11-30,hyderabad,Mobile,data anaytics training
A1301,data analytics course,113.0,5721.0,216.7,11.0,6.0,0.053,1743.0,2024-11-17,hyderabad,Desktop,data anaytics training
A1302,data analytics course,157.0,3546.0,189.11,16.0,5.0,0.032,1333.0,2024-11-28,hyderabad,Mobile,data analitics online
A1303,data analytics course,105.0,3670.0,245.85,24.0,9.0,0.0489792299898682,1653.0,2024-11-24,hyderabad,Tablet,data analytics course
A1304,data analytics course,162.0,5915.0,211.96,11.0,7.0,0.0489792299898682,1394.0,2024-11-20,hyderabad,Tablet,analytics for data
A1305,data analytics course,138.95699356913184,4450.0,219.21,16.0,10.0,0.056,1917.0,2024-11-10,hyderabad,Mobile,learn data analytics
A1306,data analytics course,136.0,5782.0,189.65,23.0,6.0,0.044,1951.0,2024-11-11,hyderabad,Tablet,data anaytics training
A1307,data analytics course,192.0,4339.0,245.57,24.0,8.0,0.047,1284.0,2024-11-18,hyderabad,Mobile,learn data analytics
A1308,data analytics course,147.0,5870.0,215.09062325209752,14.0,8.0,0.054,1748.0,2024-11-02,hyderabad,Mobile,data anaytics training
A1309,data analytics course,164.0,5662.0,186.41,11.0,9.0,0.055,1020.0,2024-11-17,hyderabad,Tablet,data analytics course
A1310,data analytics course,192.0,5130.0,184.63,19.0,4.0,0.0489792299898682,1087.0,2024-11-07,hyderabad,Desktop,data analytics course
A1311,data analytics course,139.0,4608.0,224.99,12.0,8.0,0.0489792299898682,1095.0,2024-11-12,hyderabad,Desktop,data anaytics training
A1312,data analytics course,199.0,5290.0,218.55,20.0,7.0,0.035,1234.0,2024-11-30,hyderabad,Tablet,learn data analytics
A1313,data analytics course,82.0,4961.0,220.29,27.0,7.0,0.059,1149.0,2024-02-11,hyderabad,Tablet,data analytics course
A1314,data analytics course,175.0,4347.0,242.06,17.0,3.0,0.017,1617.0,2024-11-22,hyderabad,Desktop,data anaytics training
A1315,data analytics course,181.0,5664.0,204.74,22.0,5.0,0.028,1719.0,2024-11-22,hyderabad,Desktop,data analytics course
A1316,data analytics course,146.0,3757.0,192.59,25.0,9.0,0.0489792299898682,1169.0,2024-11-09,hyderabad,Desktop,online data analytic
A1317,data analytics course,192.0,4225.0,242.0,24.0,6.0,0.031,1032.0,2024-11-01,hyderabad,Mobile,data analitics online
A1318,data analytics course,149.0,3410.0,181.12,20.0,4.0,0.033,1806.0,2024-11-17,hyderabad,Desktop,learn data analytics
A1319,data analytics course,93.0,3934.0,226.84,20.0,6.0,0.065,1964.0,2024-11-18,hyderabad,Mobile,data analitics online
A1320,data analytics course,182.0,3384.0,187.67,18.0,8.0,0.044,1769.0,2024-11-01,hyderabad,Desktop,analytics for data
A1321,data analytics course,99.0,3842.0,246.3,23.0,8.0,0.081,1452.0,2024-10-11,hyderabad,Tablet,online data analytic
A1322,data analytics course,188.0,4022.0,238.61,20.0,8.0,0.043,1498.6481105241771,2024-11-06,hyderabad,Mobile,data analitics online
A1323,data analytics course,193.0,5786.0,201.51,16.0,10.0,0.052,1617.0,2024-11-05,hyderabad,Tablet,data anaytics training
A1324,data analytics course,107.0,4423.0,239.47,25.0,9.0,0.084,1370.0,2024-11-23,hyderabad,Desktop,analytics for data
A1325,data analytics course,131.0,4228.0,230.18,16.0,9.0,0.069,1393.0,2024-11-07,hyderabad,Desktop,data anaytics training
A1326,data analytics course,139.0,5120.0,199.3,24.0,5.0,0.036,1835.0,2024-11-23,hyderabad,Mobile,data analytics course
A1327,data analytics course,141.0,3600.0,227.54,20.0,6.0,0.043,1367.0,2024-11-07,hyderabad,Desktop,learn data analytics
A1328,data analytics course,175.0,5016.0,215.09062325209752,16.0,3.0,0.017,1836.0,2024-11-07,hyderabad,Tablet,learn data analytics
A1329,data analytics course,96.0,5771.0,213.98,30.0,3.0,0.031,1130.0,2024-11-30,hyderabad,Mobile,analytics for data
A1330,data analytics course,138.95699356913184,4615.0,194.89,12.0,6.0,0.0489792299898682,1923.0,2024-11-25,hyderabad,Tablet,data anaytics training
A1331,data analytics course,187.0,3115.0,184.61,12.0,3.0,0.016,1324.0,2024-11-30,hyderabad,Mobile,learn data analytics
A1332,data analytics course,153.0,5886.0,218.33,29.0,3.0,0.02,1424.0,2024-11-20,hyderabad,Mobile,analytics for data
A1333,data analytics course,122.0,4929.0,192.72,10.0,10.0,0.082,1498.6481105241771,2024-11-12,hyderabad,Desktop,data anaytics training
A1334,data analytics course,151.0,4357.0,238.69,28.0,9.0,0.06,1447.0,2024-11-13,hyderabad,Tablet,analytics for data
A1335,data analytics course,116.0,4519.0,184.29,23.0,7.0,0.0489792299898682,1070.0,2024-11-12,hyderabad,Desktop,data anaytics training
A1336,data analytics course,145.0,5612.0,207.34,22.0,4.0,0.028,1689.0,2024-12-11,hyderabad,Desktop,learn data analytics
A1337,data analytics course,90.0,3251.0,198.69,12.0,7.0,0.078,1044.0,2024-11-30,hyderabad,Mobile,learn data analytics
A1338,data analytics course,133.0,3360.0,203.78,13.0,9.0,0.068,1654.0,2024-11-14,hyderabad,Mobile,online data analytic
A1339,data analytics course,135.0,5891.0,245.69,21.0,6.0,0.044,1947.0,2024-11-05,hyderabad,Mobile,learn data analytics
A1340,data analytics course,155.0,5835.0,239.52,10.0,4.0,0.041,1498.6481105241771,2024-11-13,hyderabad,Mobile,analytics for data
A1341,data analytics course,100.0,4928.0,186.68,22.0,10.0,0.1,1071.0,2024-11-23,hyderabad,Mobile,analytics for data
A1342,data analytics course,138.0,4049.0,182.66,20.0,7.0,0.051,1292.0,2024-11-20,hyderabad,Mobile,online data analytic
A1343,data analytics course,109.0,4114.0,243.33,18.0,6.0,0.044,1456.0,2024-11-25,hyderabad,Tablet,learn data analytics
A1344,data analytics course,124.0,3947.0,198.11,11.0,4.0,0.032,1308.0,2024-11-26,hyderabad,Mobile,data analytics course
A1345,data analytics course,138.95699356913184,3705.0,239.26,25.0,7.0,0.0489792299898682,1506.0,2024-02-11,hyderabad,Tablet,online data analytic
A1346,data analytics course,197.0,5365.0,208.86,14.0,4.0,0.031,1106.0,2024-11-01,hyderabad,Tablet,data anaytics training
A1347,data analytics course,114.0,5213.0,224.65,26.0,4.0,0.035,1218.0,2024-11-29,hyderabad,Tablet,online data analytic
A1348,data analytics course,117.0,3951.0,212.02,16.0,5.0,0.052,1949.0,2024-11-10,hyderabad,Desktop,data anaytics training
A1349,data analytics course,198.0,3405.0,224.9,13.0,10.0,0.051,1631.0,2024-11-14,hyderabad,Tablet,online data analytic
A1350,data analytics course,160.0,5367.0,208.47,20.0,8.0,0.0489792299898682,1853.0,2024-11-15,hyderabad,Tablet,data analytics course
A1351,data analytics course,137.0,3602.0,194.55,23.0,5.0,0.036,1580.0,2024-11-02,hyderabad,Tablet,data analytics course
A1352,data analytics course,163.0,3917.0,209.01,10.0,3.0,0.0489792299898682,1823.0,2024-11-17,hyderabad,Tablet,data anaytics training
A1353,data analytics course,138.0,5671.0,244.12,26.0,3.0,0.0489792299898682,1498.6481105241771,2024-11-13,hyderabad,Tablet,analytics for data
A1354,data analytics course,194.0,5019.0,227.67,28.0,7.0,0.036,1019.0,2024-11-22,hyderabad,Mobile,learn data analytics
A1355,data analytics course,177.0,3569.0,190.31,13.0,8.0,0.035,1403.0,2024-11-25,hyderabad,Mobile,online data analytic
A1356,data analytics course,113.0,3420.0,223.48,22.0,10.0,0.058,1138.0,2024-11-23,hyderabad,Mobile,online data analytic
A1357,data analytics course,133.0,3064.0,221.8,22.0,5.0,0.038,1538.0,2024-11-11,hyderabad,Mobile,learn data analytics
A1358,data analytics course,118.0,3730.0,207.5,25.0,8.0,0.039,1011.0,2024-11-12,hyderabad,Mobile,data anaytics training
A1359,data analytics course,109.0,5852.0,235.44,20.0,5.0,0.046,1946.0,2024-11-14,hyderabad,Desktop,analytics for data
A1360,data analytics course,109.0,4011.0,184.51,13.0,6.0,0.053,1375.0,2024-11-23,hyderabad,Desktop,data analitics online
A1361,data analytics course,128.0,4636.0,243.83,20.0,10.0,0.059,1941.0,2024-02-11,hyderabad,Mobile,data anaytics training
A1362,data analytics course,181.0,3087.0,201.29,19.0,10.0,0.0489792299898682,1498.6481105241771,2024-11-20,hyderabad,Mobile,data analitics online
A1363,data analytics course,89.0,5872.0,198.32,14.0,6.0,0.067,1553.0,2024-11-20,hyderabad,Mobile,online data analytic
A1364,data analytics course,157.0,5762.0,248.1,26.0,4.0,0.025,1999.0,2024-11-05,hyderabad,Tablet,data analitics online
A1365,data analytics course,88.0,3396.0,193.79,19.0,5.0,0.057,1860.0,2024-11-18,hyderabad,Mobile,online data analytic
A1366,data analytics course,130.0,3092.0,211.39,28.0,7.0,0.054,1031.0,2024-11-24,hyderabad,Tablet,data analytics course
A1367,data analytics course,194.0,4240.0,213.45,18.0,4.0,0.0489792299898682,1890.0,2024-11-23,hyderabad,Tablet,data analitics online
A1368,data analytics course,180.0,4297.0,200.04,24.0,5.0,0.0489792299898682,1050.0,2024-11-18,hyderabad,Mobile,data analytics course
A1369,data analytics course,138.95699356913184,5518.0,243.83,15.0,10.0,0.0489792299898682,1862.0,2024-11-22,hyderabad,Mobile,data analitics online
A1370,data analytics course,138.95699356913184,5039.0,235.44,24.0,7.0,0.0489792299898682,1839.0,2024-11-08,hyderabad,Desktop,data analitics online
A1371,data analytics course,138.95699356913184,3596.0,210.31,23.0,9.0,0.0489792299898682,1269.0,2024-11-01,hyderabad,Tablet,online data analytic
A1372,data analytics course,118.0,4845.0,190.25,11.0,3.0,0.046,1446.0,2024-11-18,hyderabad,Desktop,analytics for data
A1373,data analytics course,101.0,4883.0,237.89,11.0,6.0,0.0489792299898682,1368.0,2024-11-14,hyderabad,Desktop,analytics for data
A1374,data analytics course,120.0,4618.0,200.91,18.0,7.0,0.058,1775.0,2024-11-02,hyderabad,Tablet,data analitics online
A1375,data analytics course,194.0,3941.0,240.35,27.0,10.0,0.052,1373.0,2024-11-11,hyderabad,Desktop,data analytics course
A1376,data analytics course,135.0,5096.0,230.32,14.0,4.0,0.03,1478.0,2024-11-18,hyderabad,Mobile,data anaytics training
A1377,data analytics course,190.0,5537.0,188.98,20.0,4.0,0.021,1989.0,2024-11-04,hyderabad,Tablet,learn data analytics
A1378,data analytics course,198.0,4208.0,180.06,19.0,8.0,0.04,1462.0,2024-11-08,hyderabad,Mobile,data anaytics training
A1379,data analytics course,87.0,5358.0,236.57,19.0,5.0,0.057,1141.0,2024-11-02,hyderabad,Tablet,learn data analytics
A1380,data analytics course,106.0,5583.0,218.81,13.0,3.0,0.028,1049.0,2024-11-15,hyderabad,Desktop,data analytics course
A1381,data analytics course,169.0,3069.0,227.7,12.0,5.0,0.03,1063.0,2024-11-28,hyderabad,Mobile,data analytics course
A1382,data analytics course,195.0,3738.0,202.08,18.0,7.0,0.0489792299898682,1647.0,2024-11-16,hyderabad,Tablet,online data analytic
A1383,data analytics course,161.0,4852.0,235.1,10.0,8.0,0.05,1738.0,2024-11-24,hyderabad,Desktop,online data analytic
A1384,data analytics course,195.0,5120.0,249.6,26.0,3.0,0.015,1571.0,2024-11-04,hyderabad,Mobile,data anaytics training
A1385,data analytics course,111.0,3550.0,231.81,10.0,9.0,0.081,1462.0,2024-11-26,hyderabad,Mobile,data anaytics training
A1386,data analytics course,124.0,5618.0,205.95,25.0,7.0,0.056,1374.0,2024-11-19,hyderabad,Mobile,data analytics course
A1387,data analytics course,89.0,4700.0,219.95,28.0,6.0,0.067,1493.0,2024-11-19,hyderabad,Mobile,data analytics course
A1388,data analytics course,122.0,5874.0,201.04,10.0,7.0,0.0489792299898682,1352.0,2024-11-30,hyderabad,Desktop,data analytics course
A1389,data analytics course,177.0,5965.0,199.7,28.0,3.0,0.017,1090.0,2024-11-13,hyderabad,Mobile,data analitics online
A1390,data analytics course,163.0,5774.0,221.61,29.0,9.0,0.055,1396.0,2024-11-08,hyderabad,Desktop,learn data analytics
A1391,data analytics course,124.0,4079.0,189.07,18.0,3.0,0.024,1430.0,2024-11-23,hyderabad,Desktop,data analytics course
A1392,data analytics course,105.0,3670.0,218.45,25.0,6.0,0.0489792299898682,1650.0,2024-11-22,hyderabad,Desktop,online data analytic
A1393,data analytics course,122.0,3394.0,215.09062325209752,20.0,4.0,0.0489792299898682,1053.0,2024-11-03,hyderabad,Mobile,data analitics online
A1394,data analytics course,166.0,5730.0,241.3,16.0,5.0,0.03,1498.6481105241771,2024-11-17,hyderabad,Mobile,data analitics online
A1395,data analytics course,96.0,3761.0,196.45,10.0,5.0,0.035,1518.0,2024-11-30,hyderabad,Tablet,online data analytic
A1396,data analytics course,135.0,4505.0,214.64,17.0,9.0,0.0489792299898682,1500.0,2024-06-11,hyderabad,Mobile,online data analytic
A1397,data analytics course,179.0,3975.0,183.25,14.0,3.0,0.017,1498.6481105241771,2024-11-06,hyderabad,Tablet,data analytics course
A1398,data analytics course,163.0,4523.280832678712,206.46,14.0,3.0,0.0489792299898682,1103.0,2024-11-12,hyderabad,Tablet,learn data analytics
A1399,data analytics course,198.0,5883.0,215.09062325209752,19.0,9.0,0.045,1182.0,2024-11-27,hyderabad,Mobile,data analitics online
A1400,data analytics course,86.0,3555.0,225.23,11.0,6.0,0.035,1193.0,2024-11-11,hyderabad,Desktop,data anaytics training
A1401,data analytics course,89.0,3760.0,218.69,21.0,9.0,0.101,1474.0,2024-11-25,hyderabad,Desktop,learn data analytics
A1402,data analytics course,118.0,3596.0,236.66,29.0,9.0,0.076,1154.0,2024-11-23,hyderabad,Tablet,data analytics course
A1403,data analytics course,138.95699356913184,3217.0,232.15,21.0,8.0,0.0489792299898682,1726.0,2024-11-21,hyderabad,Mobile,data anaytics training
A1404,data analytics course,95.0,5386.0,184.96,23.0,8.0,0.051,1045.0,2024-11-20,hyderabad,Desktop,online data analytic
A1405,data analytics course,144.0,5381.0,199.43,10.0,10.0,0.069,1085.0,2024-11-09,hyderabad,Desktop,data anaytics training
A1406,data analytics course,107.0,5536.0,238.75,15.0,3.0,0.034,1822.0,2024-11-17,hyderabad,Mobile,analytics for data
A1407,data analytics course,146.0,3165.0,211.09,16.0,7.0,0.048,1706.0,2024-11-08,hyderabad,Mobile,learn data analytics
A1408,data analytics course,114.0,5217.0,247.94,11.0,10.0,0.088,1876.0,2024-11-18,hyderabad,Desktop,data analitics online
A1409,data analytics course,162.0,4301.0,223.77,21.0,7.0,0.043,1066.0,2024-11-20,hyderabad,Mobile,learn data analytics
A1410,data analytics course,95.0,5971.0,214.57,29.0,10.0,0.0489792299898682,1539.0,2024-11-16,hyderabad,Mobile,analytics for data
A1411,data analytics course,163.0,5160.0,184.84,19.0,4.0,0.041,1773.0,2024-11-23,hyderabad,Desktop,data analytics course
A1412,data analytics course,148.0,5947.0,212.38,12.0,4.0,0.0489792299898682,1294.0,2024-11-24,hyderabad,Mobile,online data analytic
A1413,data analytics course,156.0,4150.0,223.17,20.0,10.0,0.064,1940.0,2024-11-14,hyderabad,Tablet,learn data analytics
A1414,data analytics course,99.0,4040.0,215.09062325209752,13.0,5.0,0.051,1502.0,2024-11-26,hyderabad,Tablet,online data analytic
A1415,data analytics course,124.0,5956.0,201.44,12.0,9.0,0.073,1598.0,2024-11-24,hyderabad,Tablet,data analitics online
A1416,data analytics course,138.0,4769.0,229.44,27.0,8.0,0.058,1498.6481105241771,2024-11-19,hyderabad,Mobile,data anaytics training
A1417,data analytics course,140.0,3822.0,241.68,30.0,10.0,0.057,1138.0,2024-11-19,hyderabad,Tablet,data analytics course
A1418,data analytics course,81.0,3147.0,232.2,30.0,9.0,0.111,1066.0,2024-11-29,hyderabad,Mobile,data analytics course
A1419,data analytics course,165.0,4613.0,246.72,19.0,3.0,0.018,1055.0,2024-11-11,hyderabad,Tablet,data anaytics training
A1420,data analytics course,193.0,4919.0,247.24,19.0,4.0,0.021,1933.0,2024-11-25,hyderabad,Desktop,data analitics online
A1421,data analytics course,149.0,5205.0,218.42,20.0,4.0,0.0489792299898682,1070.0,2024-11-28,hyderabad,Mobile,online data analytic
A1422,data analytics course,81.0,3497.0,226.66,11.0,6.0,0.074,1047.0,2024-11-19,hyderabad,Mobile,data analitics online
A1423,data analytics course,153.0,4057.0,197.54,23.0,5.0,0.0489792299898682,1926.0,2024-11-22,hyderabad,Tablet,data analitics online
A1424,data analytics course,127.0,5018.0,194.25,17.0,8.0,0.0489792299898682,1350.0,2024-11-21,hyderabad,Mobile,data analitics online
A1425,data analytics course,99.0,4012.0,220.76,14.0,4.0,0.04,1698.0,2024-11-12,hyderabad,Tablet,data anaytics training
A1426,data analytics course,104.0,3013.0,204.07,12.0,3.0,0.058,1016.0,2024-11-20,hyderabad,Mobile,learn data analytics
A1427,data analytics course,118.0,3824.0,184.8,16.0,5.0,0.042,1818.0,2024-11-19,hyderabad,Desktop,learn data analytics
A1428,data analytics course,148.0,5000.0,224.41,11.0,3.0,0.0489792299898682,1491.0,2024-11-30,hyderabad,Mobile,online data analytic
A1429,data analytics course,88.0,3804.0,249.2,10.0,8.0,0.038,1044.0,2024-11-09,hyderabad,Tablet,data anaytics training
A1430,data analytics course,142.0,3791.0,207.86,23.0,4.0,0.028,1073.0,2024-11-20,hyderabad,Tablet,data analitics online
A1431,data analytics course,127.0,5198.0,242.56,26.0,6.0,0.047,1872.0,2024-11-16,hyderabad,Tablet,learn data analytics
A1432,data analytics course,117.0,5329.0,212.49,14.0,5.0,0.0489792299898682,1888.0,2024-11-03,hyderabad,Mobile,data analytics course
A1433,data analytics course,125.0,5435.0,202.65,25.0,5.0,0.04,1767.0,2024-11-23,hyderabad,Desktop,online data analytic
A1434,data analytics course,92.0,4977.0,209.78,26.0,3.0,0.0489792299898682,1834.0,2024-11-12,hyderabad,Tablet,learn data analytics
A1435,data analytics course,112.0,3850.0,233.52,14.0,8.0,0.033,1760.0,2024-11-22,hyderabad,Desktop,data analytics course
A1436,data analytics course,144.0,5976.0,197.65,13.0,9.0,0.062,1743.0,2024-11-22,hyderabad,Mobile,data analytics course
A1437,data analytics course,103.0,4693.0,218.67,14.0,10.0,0.0489792299898682,1390.0,2024-11-09,hyderabad,Mobile,learn data analytics
A1438,data analytics course,117.0,4367.0,233.27,24.0,3.0,0.0489792299898682,1238.0,2024-11-24,hyderabad,Tablet,learn data analytics
A1439,data analytics course,100.0,5481.0,180.72,14.0,7.0,0.07,1185.0,2024-11-02,hyderabad,Desktop,analytics for data
A1440,data analytics course,179.0,4109.0,191.84,19.0,4.0,0.022,1961.0,2024-02-11,hyderabad,Tablet,online data analytic
A1441,data analytics course,180.0,3887.0,186.26,18.0,6.0,0.033,1048.0,2024-05-11,hyderabad,Desktop,data analytics course
A1442,data analytics course,146.0,4633.0,186.07,26.0,3.0,0.021,1053.0,2024-11-25,hyderabad,Desktop,data anaytics training
A1443,data analytics course,124.0,5353.0,239.69,13.0,4.0,0.032,1493.0,2024-11-19,hyderabad,Desktop,learn data analytics
A1444,data analytics course,169.0,5380.0,199.66,27.0,6.0,0.036,1059.0,2024-11-03,hyderabad,Desktop,data anaytics training
A1445,data analytics course,91.0,5104.0,211.85,29.0,9.0,0.0489792299898682,1309.0,2024-11-16,hyderabad,Tablet,data analytics course
A1446,data analytics course,145.0,4523.280832678712,236.03,24.0,8.0,0.0489792299898682,1220.0,2024-11-17,hyderabad,Desktop,online data analytic
A1447,data analytics course,115.0,4345.0,229.71,15.0,4.0,0.0489792299898682,1467.0,2024-11-26,hyderabad,Mobile,data analytics course
A1448,data analytics course,123.0,3527.0,239.31,21.0,3.0,0.024,1536.0,2024-04-11,hyderabad,Tablet,analytics for data
A1449,data analytics course,101.0,3330.0,209.8,19.0,10.0,0.099,1296.0,2024-11-14,hyderabad,Mobile,data anaytics training
A1450,data analytics course,141.0,3913.0,245.32,21.0,3.0,0.056,1904.0,2024-11-15,hyderabad,Desktop,analytics for data
A1451,data analytics course,160.0,4597.0,211.88,21.0,4.0,0.025,1498.6481105241771,2024-11-21,hyderabad,Desktop,data anaytics training
A1452,data analytics course,105.0,3008.0,206.91,21.0,4.0,0.038,1009.0,2024-11-10,hyderabad,Desktop,online data analytic
A1453,data analytics course,178.0,5318.0,207.05,18.0,4.0,0.031,1421.0,2024-11-20,hyderabad,Desktop,data analitics online
A1454,data analytics course,189.0,5244.0,242.18,29.0,3.0,0.016,1080.0,2024-11-07,hyderabad,Mobile,analytics for data
A1455,data analytics course,114.0,4804.0,249.33,14.0,6.0,0.053,1879.0,2024-05-11,hyderabad,Mobile,data analytics course
A1456,data analytics course,160.0,5920.0,201.3,30.0,7.0,0.047,1080.0,2024-11-18,hyderabad,Tablet,data analytics course
A1457,data analytics course,101.0,5280.0,234.72,18.0,9.0,0.0489792299898682,1046.0,2024-11-27,hyderabad,Tablet,data analytics course
A1458,data analytics course,146.0,3887.0,206.59,26.0,9.0,0.062,1042.0,2024-07-11,hyderabad,Desktop,online data analytic
A1459,data analytics course,128.0,4532.0,183.28,11.0,7.0,0.0489792299898682,1571.0,2024-11-25,hyderabad,Desktop,data anaytics training
A1460,data analytics course,163.0,4125.0,246.09,27.0,5.0,0.031,1910.0,2024-11-27,hyderabad,Mobile,learn data analytics
A1461,data analytics course,193.0,5571.0,213.5,19.0,8.0,0.059,1754.0,2024-11-28,hyderabad,Mobile,analytics for data
A1462,data analytics course,179.0,4309.0,237.62,21.0,7.0,0.039,1719.0,2024-11-14,hyderabad,Mobile,data analytics course
A1463,data analytics course,86.0,5538.0,223.13,22.0,7.0,0.037,1544.0,2024-11-30,hyderabad,Tablet,data anaytics training
A1464,data analytics course,92.0,3162.0,202.76,25.0,5.0,0.0489792299898682,1577.0,2024-01-11,hyderabad,Mobile,data anaytics training
A1465,data analytics course,125.0,5811.0,194.92,14.0,7.0,0.03,1498.6481105241771,2024-11-22,hyderabad,Tablet,data anaytics training
A1466,data analytics course,147.0,3112.0,206.74,12.0,8.0,0.054,1815.0,2024-11-18,hyderabad,Mobile,data analytics course
A1467,data analytics course,143.0,4492.0,188.98,13.0,3.0,0.056,1498.6481105241771,2024-11-09,hyderabad,Mobile,online data analytic
A1468,data analytics course,181.0,4523.280832678712,208.33,22.0,8.0,0.044,1932.0,2024-11-05,hyderabad,Tablet,online data analytic
A1469,data analytics course,164.0,3872.0,210.53,12.0,5.0,0.03,1532.0,2024-11-12,hyderabad,Tablet,data analitics online
A1470,data analytics course,199.0,4255.0,212.84,14.0,6.0,0.054,1125.0,2024-11-22,hyderabad,Desktop,learn data analytics
A1471,data analytics course,83.0,4523.280832678712,229.97,12.0,8.0,0.096,2000.0,2024-11-30,hyderabad,Desktop,analytics for data
A1472,data analytics course,150.0,5619.0,191.89,23.0,6.0,0.04,1735.0,2024-11-19,hyderabad,Desktop,data anaytics training
A1473,data analytics course,171.0,5157.0,183.26,24.0,9.0,0.046,1430.0,2024-09-11,hyderabad,Desktop,data analitics online
A1474,data analytics course,139.0,4871.0,211.4,25.0,9.0,0.065,1247.0,2024-11-29,hyderabad,Mobile,data anaytics training
A1475,data analytics course,117.0,5863.0,224.69,24.0,10.0,0.054,1580.0,2024-11-16,hyderabad,Mobile,data analitics online
A1476,data analytics course,196.0,3205.0,188.82,24.0,8.0,0.041,1837.0,2024-11-24,hyderabad,Desktop,data analytics course
A1477,data analytics course,184.0,5463.0,224.58,30.0,6.0,0.033,1565.0,2024-11-26,hyderabad,Tablet,data anaytics training
A1478,data analytics course,103.0,5667.0,232.48,26.0,8.0,0.0489792299898682,1888.0,2024-11-16,hyderabad,Tablet,learn data analytics
A1479,data analytics course,120.0,4666.0,180.72,30.0,3.0,0.053,1627.0,2024-11-24,hyderabad,Mobile,analytics for data
A1480,data analytics course,148.0,3632.0,214.46,28.0,10.0,0.0489792299898682,1589.0,2024-11-18,hyderabad,Mobile,data anaytics training
A1481,data analytics course,80.0,3834.0,181.22,15.0,3.0,0.037,1270.0,2024-11-22,hyderabad,Tablet,learn data analytics
A1482,data analytics course,168.0,3934.0,246.09,24.0,6.0,0.041,1592.0,2024-11-24,hyderabad,Tablet,data analitics online
A1483,data analytics course,136.0,5724.0,218.37,25.0,10.0,0.074,1268.0,2024-11-18,hyderabad,Desktop,data analytics course
A1484,data analytics course,86.0,4763.0,243.78,11.0,8.0,0.093,1770.0,2024-11-13,hyderabad,Mobile,learn data analytics
A1485,data analytics course,175.0,3095.0,236.86,22.0,4.0,0.023,1617.0,2024-11-20,hyderabad,Mobile,analytics for data
A1486,data analytics course,173.0,5554.0,185.09,22.0,4.0,0.023,1000.0,2024-11-01,hyderabad,Desktop,data analytics course
A1487,data analytics course,192.0,3407.0,223.29,29.0,9.0,0.047,1538.0,2024-11-25,hyderabad,Tablet,data anaytics training
A1488,data analytics course,190.0,4465.0,241.38,28.0,5.0,0.026,1910.0,2024-11-04,hyderabad,Desktop,analytics for data
A1489,data analytics course,161.0,3311.0,221.64,16.0,5.0,0.031,1006.0,2024-02-11,hyderabad,Tablet,online data analytic
A1490,data analytics course,197.0,3265.0,200.4,15.0,3.0,0.015,1882.0,2024-01-11,hyderabad,Mobile,learn data analytics
A1491,data analytics course,80.0,4969.0,210.7,25.0,3.0,0.037,1146.0,2024-11-05,hyderabad,Tablet,analytics for data
A1492,data analytics course,145.0,5368.0,200.88,14.0,4.0,0.028,1125.0,2024-11-27,hyderabad,Tablet,learn data analytics
A1493,data analytics course,90.0,5851.0,232.94,22.0,8.0,0.089,1421.0,2024-11-28,hyderabad,Desktop,learn data analytics
A1494,data analytics course,109.0,4884.0,228.13,11.0,8.0,0.0489792299898682,1680.0,2024-11-15,hyderabad,Desktop,data anaytics training
A1495,data analytics course,130.0,5719.0,215.09062325209752,10.0,5.0,0.03,1208.0,2024-11-23,hyderabad,Desktop,analytics for data
A1496,data analytics course,179.0,5828.0,247.84,15.0,4.0,0.022,1127.0,2024-11-14,hyderabad,Mobile,analytics for data
A1497,data analytics course,181.0,4935.0,239.29,15.0,5.0,0.03,1497.0,2024-09-11,hyderabad,Desktop,data anaytics training
A1498,data analytics course,188.0,4491.0,201.73,24.0,7.0,0.037,1906.0,2024-11-21,hyderabad,Mobile,online data analytic
A1499,data analytics course,139.0,3659.0,189.09,16.0,4.0,0.029,1892.0,2024-11-29,hyderabad,Desktop,data anaytics training
A1500,data analytics course,99.0,4809.0,210.6,24.0,8.0,0.081,1498.6481105241771,2024-11-13,hyderabad,Mobile,data analytics course
A1501,data analytics course,95.0,5844.0,211.95,10.0,9.0,0.095,1444.0,2024-11-08,hyderabad,Tablet,learn data analytics
A1502,data analytics course,131.0,5559.0,215.09062325209752,28.0,5.0,0.035,1604.0,2024-11-29,hyderabad,Desktop,analytics for data
A1503,data analytics course,190.0,4630.0,217.6,27.0,4.0,0.0489792299898682,1900.0,2024-11-23,hyderabad,Tablet,data anaytics training
A1504,data analytics course,123.0,3340.0,225.16,23.0,8.0,0.0489792299898682,1563.0,2024-11-26,hyderabad,Mobile,online data analytic
A1505,data analytics course,97.0,3330.0,182.98,15.0,3.0,0.031,1102.0,2024-11-14,hyderabad,Tablet,data analitics online
A1506,data analytics course,164.0,3117.0,198.53,25.0,5.0,0.0489792299898682,1749.0,2024-11-29,hyderabad,Mobile,analytics for data
A1507,data analytics course,134.0,3562.0,247.59,24.0,10.0,0.075,1295.0,2024-01-11,hyderabad,Tablet,analytics for data
A1508,data analytics course,117.0,5144.0,221.76,23.0,3.0,0.038,1338.0,2024-11-11,hyderabad,Mobile,analytics for data
A1509,data analytics course,168.0,4375.0,215.09062325209752,19.0,8.0,0.048,1267.0,2024-11-06,hyderabad,Mobile,online data analytic
A1510,data analytics course,173.0,3328.0,224.17,15.0,10.0,0.043,1904.0,2024-11-28,hyderabad,Mobile,online data analytic
A1511,data analytics course,158.0,4336.0,238.29,26.0,9.0,0.052,1245.0,2024-11-30,hyderabad,Tablet,online data analytic
A1512,data analytics course,135.0,5063.0,195.58,22.0,6.0,0.044,1498.6481105241771,2024-11-29,hyderabad,Tablet,learn data analytics
A1513,data analytics course,182.0,5993.0,215.09062325209752,19.0,3.0,0.0489792299898682,1254.0,2024-11-19,hyderabad,Desktop,data anaytics training
A1514,data analytics course,83.0,3926.0,237.07,22.0,5.0,0.06,1667.0,2024-11-07,hyderabad,Mobile,analytics for data
A1515,data analytics course,85.0,5570.0,221.73,14.0,7.0,0.0489792299898682,1292.0,2024-11-29,hyderabad,Tablet,data analitics online
A1516,data analytics course,98.0,5571.0,208.4,15.0,7.0,0.071,1890.0,2024-11-14,hyderabad,Desktop,analytics for data
A1517,data analytics course,151.0,5700.0,182.27,13.0,3.0,0.054,1255.0,2024-11-23,hyderabad,Mobile,data analytics course
A1518,data analytics course,122.0,4441.0,244.38,25.0,6.0,0.049,1498.6481105241771,2024-02-11,hyderabad,Desktop,analytics for data
A1519,data analytics course,84.0,4646.0,226.32,11.0,7.0,0.051,1596.0,2024-11-30,hyderabad,Tablet,analytics for data
A1520,data analytics course,127.0,5964.0,182.01,26.0,7.0,0.0489792299898682,1490.0,2024-11-25,hyderabad,Desktop,data analytics course
A1521,data analytics course,148.0,4725.0,187.02,25.0,3.0,0.02,1586.0,2024-11-15,hyderabad,Mobile,learn data analytics
A1522,data analytics course,85.0,4230.0,233.73,18.0,8.0,0.0489792299898682,1998.0,2024-11-08,hyderabad,Tablet,data analytics course
A1523,data analytics course,105.0,3880.0,246.63,19.0,8.0,0.051,1598.0,2024-11-13,hyderabad,Mobile,data anaytics training
A1524,data analytics course,187.0,3842.0,214.35,28.0,5.0,0.031,1596.0,2024-11-13,hyderabad,Mobile,online data analytic
A1525,data analytics course,153.0,3143.0,244.73,12.0,10.0,0.065,1365.0,2024-11-15,hyderabad,Mobile,online data analytic
A1526,data analytics course,143.0,5781.0,208.63,21.0,9.0,0.05,1443.0,2024-11-26,hyderabad,Mobile,data analitics online
A1527,data analytics course,183.0,3790.0,202.48,21.0,8.0,0.037,1215.0,2024-11-26,hyderabad,Desktop,data anaytics training
A1528,data analytics course,172.0,4250.0,235.2,28.0,7.0,0.0489792299898682,1036.0,2024-06-11,hyderabad,Mobile,learn data analytics
A1529,data analytics course,98.0,3800.0,240.45,16.0,3.0,0.031,1700.0,2024-11-01,hyderabad,Desktop,data analytics course
A1530,data analytics course,87.0,4675.0,200.71,28.0,6.0,0.069,1428.0,2024-11-20,hyderabad,Mobile,analytics for data
A1531,data analytics course,84.0,5711.0,216.02,13.0,6.0,0.0489792299898682,1654.0,2024-11-17,hyderabad,Desktop,data anaytics training
A1532,data analytics course,151.0,3022.0,191.35,13.0,4.0,0.026,1133.0,2024-11-18,hyderabad,Mobile,learn data analytics
A1533,data analytics course,113.0,5407.0,203.23,15.0,9.0,0.037,1745.0,2024-11-16,hyderabad,Desktop,data anaytics training
A1534,data analytics course,89.0,5095.0,202.21,22.0,4.0,0.056,1065.0,2024-11-07,hyderabad,Tablet,data analytics course
A1535,data analytics course,174.0,3587.0,217.67,10.0,7.0,0.04,1226.0,2024-11-22,hyderabad,Mobile,data anaytics training
A1536,data analytics course,166.0,5524.0,205.53,25.0,7.0,0.0489792299898682,1241.0,2024-11-24,hyderabad,Mobile,analytics for data
A1537,data analytics course,196.0,3777.0,246.52,24.0,5.0,0.026,1159.0,2024-11-15,hyderabad,Desktop,data analytics course
A1538,data analytics course,97.0,3480.0,233.32,22.0,3.0,0.031,1008.0,2024-11-28,hyderabad,Desktop,data analitics online
A1539,data analytics course,89.0,4200.0,200.98,23.0,8.0,0.0489792299898682,1476.0,2024-11-23,hyderabad,Mobile,data analytics course
A1540,data analytics course,130.0,5384.0,218.6,24.0,8.0,0.062,1943.0,2024-11-28,hyderabad,Mobile,learn data analytics
A1541,data analytics course,103.0,4766.0,245.34,11.0,8.0,0.078,1488.0,2024-11-08,hyderabad,Desktop,analytics for data
A1542,data analytics course,138.0,3322.0,196.83,17.0,8.0,0.058,1498.6481105241771,2024-11-01,hyderabad,Desktop,online data analytic
A1543,data analytics course,127.0,4625.0,207.62,17.0,3.0,0.024,1811.0,2024-11-17,hyderabad,Desktop,learn data analytics
A1544,data analytics course,170.0,4689.0,195.98,26.0,6.0,0.035,1873.0,2024-11-14,hyderabad,Desktop,data analitics online
A1545,data analytics course,115.0,3764.0,197.47,20.0,5.0,0.0489792299898682,1952.0,2024-11-27,hyderabad,Desktop,learn data analytics
A1546,data analytics course,132.0,3365.0,198.01,17.0,9.0,0.068,1161.0,2024-11-14,hyderabad,Desktop,analytics for data
A1547,data analytics course,168.0,3392.0,230.77,15.0,9.0,0.054,1504.0,2024-11-11,hyderabad,Mobile,online data analytic
A1548,data analytics course,145.0,5978.0,223.3,30.0,10.0,0.0489792299898682,1859.0,2024-11-20,hyderabad,Mobile,online data analytic
A1549,data analytics course,163.0,3340.0,217.35,26.0,7.0,0.043,1751.0,2024-11-24,hyderabad,Tablet,data anaytics training
A1550,data analytics course,84.0,4407.0,192.52,19.0,10.0,0.119,1221.0,2024-11-03,hyderabad,Tablet,learn data analytics
A1551,data analytics course,124.0,3180.0,180.8,17.0,6.0,0.048,1822.0,2024-11-11,hyderabad,Mobile,online data analytic
A1552,data analytics course,162.0,4947.0,233.76,23.0,6.0,0.045,1973.0,2024-11-15,hyderabad,Tablet,data analytics course
A1553,data analytics course,119.0,4480.0,184.25,20.0,3.0,0.025,1985.0,2024-11-22,hyderabad,Mobile,online data analytic
A1554,data analytics course,151.0,5595.0,246.66,24.0,4.0,0.026,1921.0,2024-11-29,hyderabad,Desktop,learn data analytics
A1555,data analytics course,190.0,4808.0,199.94,16.0,6.0,0.032,1454.0,2024-11-03,hyderabad,Desktop,data analitics online
A1556,data analytics course,138.0,3382.0,204.12,27.0,7.0,0.051,1386.0,2024-05-11,hyderabad,Tablet,learn data analytics
A1557,data analytics course,100.0,4643.0,214.46,16.0,9.0,0.09,1179.0,2024-11-03,hyderabad,Tablet,online data analytic
A1558,data analytics course,187.0,5400.0,210.0,14.0,7.0,0.0489792299898682,1945.0,2024-11-15,hyderabad,Desktop,analytics for data
A1559,data analytics course,176.0,3400.0,191.5,29.0,3.0,0.0489792299898682,1429.0,2024-11-28,hyderabad,Mobile,online data analytic
A1560,data analytics course,117.0,4223.0,215.09062325209752,28.0,6.0,0.059,1489.0,2024-11-10,hyderabad,Mobile,data anaytics training
A1561,data analytics course,196.0,4523.280832678712,206.31,24.0,8.0,0.051,1426.0,2024-11-23,hyderabad,Tablet,data analitics online
A1562,data analytics course,155.0,3864.0,222.17,12.0,3.0,0.0489792299898682,1407.0,2024-11-21,hyderabad,Mobile,data anaytics training
A1563,data analytics course,188.0,3838.0,240.99,15.0,3.0,0.016,1951.0,2024-10-11,hyderabad,Mobile,data analytics course
A1564,data analytics course,81.0,5659.0,222.98,25.0,4.0,0.057,1654.0,2024-11-19,hyderabad,Tablet,data analitics online
A1565,data analytics course,125.0,4794.0,215.09062325209752,28.0,7.0,0.051,1453.0,2024-11-22,hyderabad,Desktop,data analitics online
A1566,data analytics course,158.0,5214.0,222.28,21.0,3.0,0.019,1630.0,2024-03-11,hyderabad,Desktop,data analytics course
A1567,data analytics course,133.0,5762.0,196.02,10.0,5.0,0.038,1498.6481105241771,2024-11-03,hyderabad,Tablet,data analytics course
A1568,data analytics course,128.0,5026.0,239.88,15.0,9.0,0.07,1745.0,2024-11-25,hyderabad,Mobile,analytics for data
A1569,data analytics course,148.0,3883.0,181.4,30.0,4.0,0.027,1966.0,2024-11-16,hyderabad,Desktop,analytics for data
A1570,data analytics course,92.0,4605.0,234.69,29.0,3.0,0.0489792299898682,1264.0,2024-11-30,hyderabad,Mobile,data anaytics training
A1571,data analytics course,147.0,4523.280832678712,205.83,25.0,8.0,0.0489792299898682,1728.0,2024-11-02,hyderabad,Desktop,data analytics course
A1572,data analytics course,136.0,5454.0,247.7,13.0,6.0,0.044,1687.0,2024-11-06,hyderabad,Mobile,data analitics online
A1573,data analytics course,132.0,4957.0,220.43,28.0,6.0,0.045,1218.0,2024-03-11,hyderabad,Mobile,online data analytic
A1574,data analytics course,173.0,4523.280832678712,241.61,28.0,3.0,0.017,1191.0,2024-11-13,hyderabad,Tablet,learn data analytics
A1575,data analytics course,85.0,4747.0,224.35,26.0,5.0,0.059,1087.0,2024-01-11,hyderabad,Tablet,data analytics course
A1576,data analytics course,129.0,5874.0,200.17,12.0,5.0,0.039,1405.0,2024-11-29,hyderabad,Tablet,online data analytic
A1577,data analytics course,181.0,4730.0,243.35,16.0,4.0,0.0489792299898682,1975.0,2024-11-20,hyderabad,Mobile,online data analytic
A1578,data analytics course,85.0,5341.0,249.64,21.0,6.0,0.032,1388.0,2024-11-10,hyderabad,Mobile,online data analytic
A1579,data analytics course,92.0,4327.0,188.6,14.0,7.0,0.0489792299898682,1140.0,2024-11-22,hyderabad,Tablet,data anaytics training
A1580,data analytics course,192.0,4523.280832678712,180.82,27.0,4.0,0.021,1847.0,2024-09-11,hyderabad,Mobile,data anaytics training
A1581,data analytics course,146.0,4484.0,194.67,27.0,9.0,0.052,1234.0,2024-11-02,hyderabad,Tablet,data anaytics training
A1582,data analytics course,178.0,4311.0,205.46,18.0,4.0,0.022,1671.0,2024-11-18,hyderabad,Tablet,analytics for data
A1583,data analytics course,197.0,3009.0,233.44,22.0,9.0,0.046,1374.0,2024-11-18,hyderabad,Tablet,analytics for data
A1584,data analytics course,176.0,3110.0,205.23,23.0,5.0,0.028,1746.0,2024-11-19,hyderabad,Desktop,online data analytic
A1585,data analytics course,98.0,3365.0,224.28,27.0,9.0,0.0489792299898682,1108.0,2024-11-27,hyderabad,Desktop,data anaytics training
A1586,data analytics course,105.0,3274.0,187.89,24.0,4.0,0.038,1360.0,2024-11-09,hyderabad,Desktop,learn data analytics
A1587,data analytics course,113.0,3231.0,210.13,19.0,10.0,0.041,1234.0,2024-11-15,hyderabad,Desktop,online data analytic
A1588,data analytics course,138.95699356913184,3440.0,246.53,13.0,10.0,0.0489792299898682,1217.0,2024-11-27,hyderabad,Tablet,online data analytic
A1589,data analytics course,88.0,5196.0,197.32,26.0,5.0,0.057,1438.0,2024-11-03,hyderabad,Desktop,online data analytic
A1590,data analytics course,106.0,5321.0,239.76,11.0,7.0,0.066,1910.0,2024-11-24,hyderabad,Desktop,data anaytics training
A1591,data analytics course,148.0,5841.0,243.09,15.0,7.0,0.047,1535.0,2024-11-29,hyderabad,Mobile,data analitics online
A1592,data analytics course,174.0,4523.280832678712,227.96,25.0,5.0,0.029,1566.0,2024-11-15,hyderabad,Tablet,online data analytic
A1593,data analytics course,196.0,5776.0,227.24,30.0,4.0,0.02,1498.6481105241771,2024-04-11,hyderabad,Mobile,data anaytics training
A1594,data analytics course,128.0,4729.0,243.45,25.0,9.0,0.031,1782.0,2024-11-23,hyderabad,Desktop,learn data analytics
A1595,data analytics course,163.0,5371.0,215.89,29.0,7.0,0.043,1906.0,2024-11-05,hyderabad,Tablet,data analytics course
A1596,data analytics course,183.0,5268.0,203.65,17.0,5.0,0.027,1731.0,2024-11-12,hyderabad,Mobile,learn data analytics
A1597,data analytics course,196.0,5386.0,224.31,23.0,4.0,0.02,1423.0,2024-11-30,hyderabad,Tablet,learn data analytics
A1598,data analytics course,121.0,4432.0,218.71,25.0,10.0,0.0489792299898682,1568.0,2024-11-13,hyderabad,Desktop,analytics for data
A1599,data analytics course,174.0,3031.0,242.32,25.0,6.0,0.034,1381.0,2024-11-08,hyderabad,Mobile,online data analytic
A1600,data analytics course,142.0,5999.0,214.05,27.0,7.0,0.0489792299898682,1064.0,2024-11-21,hyderabad,Desktop,analytics for data
A1601,data analytics course,118.0,3274.0,222.62,10.0,3.0,0.025,1716.0,2024-09-11,hyderabad,Tablet,analytics for data
A1602,data analytics course,118.0,5889.0,193.01,17.0,10.0,0.085,1789.0,2024-11-10,hyderabad,Desktop,online data analytic
A1603,data analytics course,149.0,5601.0,222.01,15.0,6.0,0.04,1514.0,2024-11-25,hyderabad,Desktop,analytics for data
A1604,data analytics course,127.0,4295.0,212.6,26.0,10.0,0.079,1713.0,2024-11-19,hyderabad,Tablet,data analytics course
A1605,data analytics course,195.0,5135.0,226.37,17.0,3.0,0.0489792299898682,1498.6481105241771,2024-11-24,hyderabad,Desktop,data anaytics training
A1606,data analytics course,173.0,5233.0,229.38,28.0,7.0,0.0489792299898682,1322.0,2024-11-16,hyderabad,Mobile,learn data analytics
A1607,data analytics course,131.0,5727.0,218.65,28.0,4.0,0.031,1631.0,2024-11-07,hyderabad,Mobile,data anaytics training
A1608,data analytics course,105.0,4691.0,213.15,21.0,3.0,0.035,1276.0,2024-11-22,hyderabad,Desktop,analytics for data
A1609,data analytics course,104.0,3409.0,207.63,19.0,4.0,0.0489792299898682,1195.0,2024-11-16,hyderabad,Mobile,analytics for data
A1610,data analytics course,139.0,4333.0,230.05,19.0,6.0,0.043,1407.0,2024-11-21,hyderabad,Desktop,analytics for data
A1611,data analytics course,110.0,4430.0,197.84,23.0,5.0,0.045,1498.6481105241771,2024-11-15,hyderabad,Mobile,learn data analytics
A1612,data analytics course,193.0,4860.0,181.27,14.0,5.0,0.026,1498.6481105241771,2024-11-16,hyderabad,Desktop,online data analytic
A1613,data analytics course,109.0,4396.0,188.6,11.0,10.0,0.092,1451.0,2024-11-18,hyderabad,Mobile,data anaytics training
A1614,data analytics course,141.0,5000.0,223.7,29.0,10.0,0.071,1909.0,2024-11-12,hyderabad,Tablet,data analitics online
A1615,data analytics course,182.0,3487.0,211.71,23.0,7.0,0.038,1027.0,2024-11-24,hyderabad,Mobile,data analitics online
A1616,data analytics course,179.0,4236.0,245.01,23.0,7.0,0.039,1822.0,2024-11-07,hyderabad,Mobile,learn data analytics
A1617,data analytics course,89.0,5349.0,215.09062325209752,24.0,8.0,0.09,1371.0,2024-11-28,hyderabad,Tablet,data analitics online
A1618,data analytics course,181.0,5678.0,226.89,22.0,10.0,0.0489792299898682,1992.0,2024-11-02,hyderabad,Tablet,data anaytics training
A1619,data analytics course,85.0,5247.0,219.97,15.0,7.0,0.082,1612.0,2024-11-20,hyderabad,Desktop,analytics for data
A1620,data analytics course,179.0,3685.0,202.66,15.0,7.0,0.039,1634.0,2024-11-18,hyderabad,Desktop,data analytics course
A1621,data analytics course,172.0,5862.0,202.0,23.0,4.0,0.023,1469.0,2024-11-28,hyderabad,Desktop,online data analytic
A1622,data analytics course,196.0,5040.0,197.08,11.0,9.0,0.046,1774.0,2024-11-22,hyderabad,Desktop,data analytics course
A1623,data analytics course,138.95699356913184,3423.0,223.95,30.0,4.0,0.055,1480.0,2024-11-03,hyderabad,Desktop,analytics for data
A1624,data analytics course,135.0,5981.0,228.66,26.0,6.0,0.0489792299898682,1515.0,2024-12-11,hyderabad,Desktop,data anaytics training
A1625,data analytics course,97.0,3495.0,230.83,16.0,6.0,0.062,1675.0,2024-11-23,hyderabad,Tablet,analytics for data
A1626,data analytics course,137.0,3702.0,215.41,25.0,9.0,0.066,1010.0,2024-10-11,hyderabad,Desktop,learn data analytics
A1627,data analytics course,164.0,3405.0,217.58,10.0,3.0,0.018,1885.0,2024-11-30,hyderabad,Desktop,data analitics online
A1628,data analytics course,178.0,3370.0,180.66,25.0,9.0,0.051,1830.0,2024-11-24,hyderabad,Desktop,online data analytic
A1629,data analytics course,146.0,4455.0,227.13,16.0,5.0,0.0489792299898682,1040.0,2024-11-24,hyderabad,Tablet,online data analytic
A1630,data analytics course,149.0,4670.0,218.31,10.0,10.0,0.067,1623.0,2024-11-02,hyderabad,Mobile,analytics for data
A1631,data analytics course,193.0,4287.0,204.62,15.0,3.0,0.0489792299898682,1800.0,2024-11-09,hyderabad,Tablet,data anaytics training
A1632,data analytics course,138.95699356913184,3546.0,183.41,27.0,7.0,0.0489792299898682,1701.0,2024-11-28,hyderabad,Mobile,data anaytics training
A1633,data analytics course,106.0,4740.0,229.13,19.0,3.0,0.028,1149.0,2024-11-11,hyderabad,Desktop,online data analytic
A1634,data analytics course,131.0,5642.0,184.57,20.0,9.0,0.0489792299898682,1827.0,2024-11-16,hyderabad,Mobile,data analytics course
A1635,data analytics course,111.0,4161.0,185.58,10.0,7.0,0.0489792299898682,1434.0,2024-11-04,hyderabad,Desktop,data anaytics training
A1636,data analytics course,144.0,4241.0,181.4,24.0,5.0,0.035,1693.0,2024-11-19,hyderabad,Mobile,online data analytic
A1637,data analytics course,151.0,5875.0,192.46,28.0,7.0,0.0489792299898682,1459.0,2024-11-18,hyderabad,Mobile,data analitics online
A1638,data analytics course,146.0,5457.0,215.09062325209752,15.0,5.0,0.034,1029.0,2024-11-02,hyderabad,Desktop,data analytics course
A1639,data analytics course,133.0,4780.0,198.66,22.0,4.0,0.03,1905.0,2024-09-11,hyderabad,Tablet,online data analytic
A1640,data analytics course,138.95699356913184,5922.0,239.1,12.0,3.0,0.048,1733.0,2024-11-06,hyderabad,Desktop,data analytics course
A1641,data analytics course,82.0,3454.0,228.02,30.0,7.0,0.049,1463.0,2024-11-09,hyderabad,Desktop,learn data analytics
A1642,data analytics course,135.0,3449.0,200.06,17.0,5.0,0.037,1950.0,2024-11-07,hyderabad,Mobile,data analytics course
A1643,data analytics course,199.0,4287.0,235.58,12.0,10.0,0.05,1276.0,2024-11-10,hyderabad,Tablet,data analytics course
A1644,data analytics course,123.0,5000.0,187.67,25.0,3.0,0.024,1351.0,2024-11-07,hyderabad,Tablet,data analitics online
A1645,data analytics course,154.0,3437.0,211.63,28.0,4.0,0.026,1604.0,2024-11-14,hyderabad,Tablet,data anaytics training
A1646,data analytics course,88.0,3475.0,191.96,12.0,7.0,0.08,1204.0,2024-11-25,hyderabad,Desktop,online data analytic
A1647,data analytics course,165.0,4889.0,180.19,21.0,4.0,0.024,1458.0,2024-11-19,hyderabad,Mobile,analytics for data
A1648,data analytics course,87.0,3639.0,220.76,22.0,3.0,0.036,1231.0,2024-11-14,hyderabad,Mobile,analytics for data
A1649,data analytics course,147.0,3959.0,181.18,27.0,9.0,0.061,1627.0,2024-11-26,hyderabad,Mobile,analytics for data
A1650,data analytics course,137.0,5400.0,180.04,10.0,10.0,0.073,1375.0,2024-11-29,hyderabad,Tablet,analytics for data
A1651,data analytics course,188.0,5528.0,245.03,13.0,10.0,0.053,1202.0,2024-11-29,hyderabad,Desktop,analytics for data
A1652,data analytics course,162.0,5456.0,193.69,10.0,6.0,0.037,1992.0,2024-11-29,hyderabad,Tablet,online data analytic
A1653,data analytics course,102.0,4308.0,221.54,13.0,7.0,0.06,1096.0,2024-11-08,hyderabad,Mobile,data analitics online
A1654,data analytics course,120.0,3245.0,196.09,15.0,9.0,0.075,1056.0,2024-11-22,hyderabad,Desktop,data anaytics training
A1655,data analytics course,125.0,3339.0,205.32,18.0,4.0,0.054,1985.0,2024-11-28,hyderabad,Desktop,data analytics course
A1656,data analytics course,155.0,5977.0,187.28,16.0,7.0,0.0489792299898682,1607.0,2024-11-10,hyderabad,Desktop,online data analytic
A1657,data analytics course,137.0,4231.0,226.49,25.0,5.0,0.036,1078.0,2024-11-12,hyderabad,Tablet,analytics for data
A1658,data analytics course,91.0,4506.0,195.99,12.0,3.0,0.045,1179.0,2024-11-22,hyderabad,Tablet,learn data analytics
A1659,data analytics course,87.0,4869.0,220.97,29.0,5.0,0.057,1480.0,2024-11-05,hyderabad,Desktop,data anaytics training
A1660,data analytics course,124.0,5716.0,217.84,28.0,8.0,0.0489792299898682,1791.0,2024-11-24,hyderabad,Mobile,data anaytics training
A1661,data analytics course,128.0,3243.0,208.41,14.0,6.0,0.037,1514.0,2024-02-11,hyderabad,Mobile,online data analytic
A1662,data analytics course,111.0,3911.0,239.24,28.0,9.0,0.0489792299898682,1097.0,2024-11-01,hyderabad,Tablet,online data analytic
A1663,data analytics course,89.0,3982.0,209.87,27.0,7.0,0.079,1920.0,2024-04-11,hyderabad,Desktop,data analytics course
A1664,data analytics course,107.0,5299.0,207.36,19.0,8.0,0.0489792299898682,1567.0,2024-11-26,hyderabad,Tablet,data anaytics training
A1665,data analytics course,181.0,4150.0,236.69,15.0,5.0,0.0489792299898682,1251.0,2024-11-10,hyderabad,Mobile,data analitics online
A1666,data analytics course,110.0,5925.0,188.18,29.0,9.0,0.082,1682.0,2024-11-23,hyderabad,Desktop,data anaytics training
A1667,data analytics course,85.0,4010.0,195.26,17.0,4.0,0.042,1853.0,2024-06-11,hyderabad,Mobile,data analitics online
A1668,data analytics course,125.0,5767.0,215.09062325209752,12.0,8.0,0.035,1020.0,2024-11-19,hyderabad,Tablet,data analitics online
A1669,data analytics course,163.0,4523.280832678712,215.09062325209752,11.0,3.0,0.018,1819.0,2024-11-20,hyderabad,Tablet,data anaytics training
A1670,data analytics course,129.0,3787.0,229.81,10.0,6.0,0.047,1221.0,2024-11-13,hyderabad,Desktop,online data analytic
A1671,data analytics course,112.0,4834.0,212.27,11.0,7.0,0.062,1524.0,2024-11-27,hyderabad,Mobile,data analitics online
A1672,data analytics course,104.0,3031.0,188.47,13.0,6.0,0.043,1998.0,2024-11-05,hyderabad,Desktop,data anaytics training
A1673,data analytics course,132.0,3754.0,180.88,21.0,10.0,0.076,1601.0,2024-11-24,hyderabad,Mobile,online data analytic
A1674,data analytics course,113.0,3281.0,241.85,16.0,6.0,0.053,1498.6481105241771,2024-08-11,hyderabad,Tablet,data analitics online
A1675,data analytics course,109.0,4910.0,236.2,24.0,8.0,0.054,1145.0,2024-11-08,hyderabad,Tablet,data anaytics training
A1676,data analytics course,144.0,5026.0,231.82,14.0,4.0,0.028,1645.0,2024-11-10,hyderabad,Desktop,data analytics course
A1677,data analytics course,179.0,5091.0,238.62,10.0,6.0,0.034,1259.0,2024-11-24,hyderabad,Mobile,learn data analytics
A1678,data analytics course,138.95699356913184,5622.0,190.87,14.0,8.0,0.0489792299898682,1400.0,2024-11-17,hyderabad,Mobile,analytics for data
A1679,data analytics course,116.0,4538.0,221.74,23.0,9.0,0.078,1639.0,2024-11-24,hyderabad,Desktop,data anaytics training
A1680,data analytics course,89.0,3509.0,192.14,27.0,9.0,0.101,1564.0,2024-11-12,hyderabad,Mobile,online data analytic
A1681,data analytics course,96.0,3346.0,248.48,15.0,7.0,0.073,1118.0,2024-11-28,hyderabad,Desktop,data analitics online
A1682,data analytics course,193.0,4706.0,213.41,24.0,8.0,0.046,1058.0,2024-11-09,hyderabad,Desktop,data analytics course
A1683,data analytics course,122.0,3896.0,194.3,23.0,3.0,0.025,1355.0,2024-11-21,hyderabad,Mobile,data analytics course
A1684,data analytics course,133.0,3332.0,201.59,14.0,7.0,0.0489792299898682,1943.0,2024-11-15,hyderabad,Tablet,data analytics course
A1685,data analytics course,177.0,5738.0,249.21,11.0,7.0,0.04,1435.0,2024-11-16,hyderabad,Mobile,data anaytics training
A1686,data analytics course,162.0,5346.0,223.12,25.0,5.0,0.031,1052.0,2024-11-28,hyderabad,Desktop,data analytics course
A1687,data analytics course,182.0,5857.0,192.69,15.0,4.0,0.048,1384.0,2024-11-02,hyderabad,Desktop,data analytics course
A1688,data analytics course,154.0,4836.0,233.8,26.0,10.0,0.0489792299898682,1838.0,2024-11-30,hyderabad,Desktop,data analytics course
A1689,data analytics course,104.0,5291.0,186.93,19.0,10.0,0.096,1805.0,2024-11-29,hyderabad,Tablet,data analytics course
A1690,data analytics course,101.0,4840.0,230.68,21.0,9.0,0.089,1556.0,2024-11-22,hyderabad,Desktop,data anaytics training
A1691,data analytics course,173.0,4246.0,202.95,27.0,3.0,0.017,1276.0,2024-11-29,hyderabad,Tablet,learn data analytics
A1692,data analytics course,186.0,5824.0,224.48,29.0,6.0,0.0489792299898682,1882.0,2024-11-28,hyderabad,Mobile,data analitics online
A1693,data analytics course,148.0,5952.0,186.32,14.0,4.0,0.044,1469.0,2024-10-11,hyderabad,Mobile,data analytics course
A1694,data analytics course,181.0,3691.0,229.14,25.0,10.0,0.0489792299898682,1375.0,2024-11-06,hyderabad,Mobile,analytics for data
A1695,data analytics course,110.0,4350.0,243.88,16.0,9.0,0.0489792299898682,1157.0,2024-11-15,hyderabad,Tablet,online data analytic
A1696,data analytics course,151.0,5656.0,191.95,18.0,7.0,0.0489792299898682,1813.0,2024-02-11,hyderabad,Mobile,data analitics online
A1697,data analytics course,90.0,4566.0,228.82,29.0,9.0,0.051,1697.0,2024-11-13,hyderabad,Desktop,data anaytics training
A1698,data analytics course,111.0,4245.0,245.76,22.0,8.0,0.072,1498.6481105241771,2024-11-07,hyderabad,Desktop,online data analytic
A1699,data analytics course,170.0,5053.0,217.41,16.0,9.0,0.031,1497.0,2024-11-17,hyderabad,Mobile,data anaytics training
A1700,data analytics course,112.0,5093.0,228.8,23.0,7.0,0.062,1188.0,2024-11-17,hyderabad,Desktop,analytics for data
A1701,data analytics course,188.0,5336.0,188.73,17.0,3.0,0.016,1601.0,2024-11-03,hyderabad,Tablet,online data analytic
A1702,data analytics course,85.0,4963.0,186.21,14.0,6.0,0.0489792299898682,1747.0,2024-05-11,hyderabad,Mobile,data analytics course
A1703,data analytics course,94.0,4544.0,235.77,23.0,8.0,0.0489792299898682,1342.0,2024-11-05,hyderabad,Tablet,online data analytic
A1704,data analytics course,177.0,4901.0,217.54,20.0,10.0,0.056,1975.0,2024-11-13,hyderabad,Tablet,data analitics online
A1705,data analytics course,150.0,5275.0,192.7,14.0,4.0,0.027,1170.0,2024-11-27,hyderabad,Tablet,data analitics online
A1706,data analytics course,88.0,5225.0,202.97,22.0,6.0,0.068,1128.0,2024-11-13,hyderabad,Tablet,online data analytic
A1707,data analytics course,128.0,4857.0,212.61,14.0,5.0,0.039,1538.0,2024-11-25,hyderabad,Desktop,data analitics online
A1708,data analytics course,163.0,5310.0,242.76,26.0,9.0,0.055,1793.0,2024-11-12,hyderabad,Mobile,learn data analytics
A1709,data analytics course,147.0,5014.0,193.08,12.0,8.0,0.054,1017.0,2024-11-11,hyderabad,Tablet,online data analytic
A1710,data analytics course,191.0,5855.0,196.54,29.0,3.0,0.016,1085.0,2024-11-21,hyderabad,Desktop,data analytics course
A1711,data analytics course,138.95699356913184,5916.0,234.46,17.0,6.0,0.044,1982.0,2024-11-02,hyderabad,Desktop,data analytics course
A1712,data analytics course,115.0,3952.0,229.18,25.0,4.0,0.035,1440.0,2024-11-20,hyderabad,Tablet,online data analytic
A1713,data analytics course,123.0,4208.0,212.92,29.0,6.0,0.049,1184.0,2024-11-05,hyderabad,Desktop,learn data analytics
A1714,data analytics course,121.0,5517.0,222.14,16.0,7.0,0.0489792299898682,1682.0,2024-11-02,hyderabad,Tablet,learn data analytics
A1715,data analytics course,126.0,5460.0,210.83,24.0,10.0,0.079,1326.0,2024-11-14,hyderabad,Tablet,online data analytic
A1716,data analytics course,110.0,3159.0,197.92,26.0,10.0,0.091,1608.0,2024-11-18,hyderabad,Mobile,data analitics online
A1717,data analytics course,190.0,5545.0,223.96,13.0,7.0,0.037,1344.0,2024-11-14,hyderabad,Tablet,analytics for data
A1718,data analytics course,148.0,3668.0,245.79,15.0,10.0,0.068,1718.0,2024-11-25,hyderabad,Desktop,data analytics course
A1719,data analytics course,86.0,5663.0,231.79,19.0,10.0,0.116,1547.0,2024-11-17,hyderabad,Mobile,data anaytics training
A1720,data analytics course,172.0,3123.0,216.67,15.0,7.0,0.0489792299898682,1759.0,2024-02-11,hyderabad,Desktop,online data analytic
A1721,data analytics course,143.0,5638.0,229.41,23.0,4.0,0.058,1398.0,2024-11-03,hyderabad,Desktop,online data analytic
A1722,data analytics course,172.0,4436.0,232.16,21.0,7.0,0.041,1050.0,2024-11-27,hyderabad,Mobile,learn data analytics
A1723,data analytics course,138.0,5555.0,188.55,14.0,8.0,0.058,1593.0,2024-11-24,hyderabad,Desktop,data anaytics training
A1724,data analytics course,132.0,4972.0,248.45,25.0,9.0,0.0489792299898682,1126.0,2024-11-19,hyderabad,Tablet,data analitics online
A1725,data analytics course,174.0,3231.0,215.09062325209752,10.0,7.0,0.04,1128.0,2024-11-12,hyderabad,Mobile,data analytics course
A1726,data analytics course,154.0,3461.0,235.36,18.0,4.0,0.0489792299898682,1212.0,2024-11-18,hyderabad,Tablet,data analitics online
A1727,data analytics course,126.0,3423.0,236.21,25.0,9.0,0.071,1106.0,2024-11-20,hyderabad,Tablet,data anaytics training
A1728,data analytics course,138.0,4025.0,220.96,21.0,7.0,0.051,1416.0,2024-11-24,hyderabad,Tablet,data analitics online
A1729,data analytics course,193.0,3800.0,199.76,27.0,9.0,0.047,1393.0,2024-11-17,hyderabad,Mobile,data analytics course
A1730,data analytics course,156.0,5293.0,210.43,26.0,6.0,0.038,1449.0,2024-11-28,hyderabad,Tablet,data analytics course
A1731,data analytics course,142.0,3565.0,180.39,26.0,5.0,0.035,1147.0,2024-11-01,hyderabad,Tablet,data anaytics training
A1732,data analytics course,92.0,4296.0,239.12,11.0,10.0,0.0489792299898682,1169.0,2024-11-02,hyderabad,Tablet,data anaytics training
A1733,data analytics course,190.0,3567.0,249.26,24.0,7.0,0.057,1517.0,2024-11-26,hyderabad,Desktop,data analitics online
A1734,data analytics course,134.0,4854.0,198.93,21.0,8.0,0.06,1101.0,2024-03-11,hyderabad,Desktop,analytics for data
A1735,data analytics course,144.0,4523.280832678712,186.47,29.0,8.0,0.056,1437.0,2024-11-29,hyderabad,Mobile,data analytics course
A1736,data analytics course,117.0,4630.0,196.66,15.0,8.0,0.0489792299898682,1361.0,2024-11-17,hyderabad,Desktop,online data analytic
A1737,data analytics course,160.0,3448.0,210.38,19.0,7.0,0.044,1705.0,2024-11-14,hyderabad,Desktop,data analytics course
A1738,data analytics course,146.0,5297.0,198.89,30.0,8.0,0.055,2000.0,2024-11-02,hyderabad,Desktop,data anaytics training
A1739,data analytics course,175.0,3818.0,190.89,30.0,10.0,0.039,1088.0,2024-11-10,hyderabad,Tablet,data analitics online
A1740,data analytics course,122.0,4791.0,223.16,12.0,4.0,0.033,1246.0,2024-05-11,hyderabad,Tablet,learn data analytics
A1741,data analytics course,85.0,3713.0,225.74,23.0,5.0,0.047,1867.0,2024-11-24,hyderabad,Tablet,data analitics online
A1742,data analytics course,167.0,3634.0,202.75,30.0,10.0,0.06,1503.0,2024-11-23,hyderabad,Desktop,data anaytics training
A1743,data analytics course,158.0,3025.0,180.5,24.0,9.0,0.0489792299898682,1725.0,2024-11-26,hyderabad,Tablet,data anaytics training
A1744,data analytics course,176.0,5868.0,184.46,24.0,4.0,0.023,1229.0,2024-11-20,hyderabad,Desktop,data analytics course
A1745,data analytics course,111.0,3050.0,208.87,10.0,7.0,0.063,1774.0,2024-11-26,hyderabad,Tablet,analytics for data
A1746,data analytics course,186.0,5301.0,215.09062325209752,14.0,9.0,0.0489792299898682,1230.0,2024-11-17,hyderabad,Desktop,learn data analytics
A1747,data analytics course,177.0,3042.0,239.64,26.0,4.0,0.023,1646.0,2024-11-20,hyderabad,Mobile,data analytics course
A1748,data analytics course,150.0,5272.0,239.06,13.0,9.0,0.06,1232.0,2024-01-11,hyderabad,Desktop,online data analytic
A1749,data analytics course,160.0,4279.0,191.56,22.0,10.0,0.039,1234.0,2024-12-11,hyderabad,Mobile,data analytics course
A1750,data analytics course,147.0,5659.0,188.07,22.0,4.0,0.045,1796.0,2024-11-25,hyderabad,Mobile,analytics for data
A1751,data analytics course,198.0,4816.0,224.96,21.0,4.0,0.042,1601.0,2024-05-11,hyderabad,Mobile,online data analytic
A1752,data analytics course,145.0,3874.0,215.09062325209752,10.0,10.0,0.069,1153.0,2024-11-30,hyderabad,Mobile,data anaytics training
A1753,data analytics course,94.0,5221.0,225.23,17.0,3.0,0.036,1209.0,2024-11-19,hyderabad,Tablet,learn data analytics
A1754,data analytics course,90.0,5859.0,187.29,17.0,5.0,0.056,1375.0,2024-11-16,hyderabad,Mobile,analytics for data
A1755,data analytics course,182.0,5055.0,232.64,26.0,8.0,0.036,1815.0,2024-10-11,hyderabad,Mobile,data anaytics training
A1756,data analytics course,138.95699356913184,4373.0,199.32,16.0,5.0,0.0489792299898682,1150.0,2024-11-02,hyderabad,Desktop,data anaytics training
A1757,data analytics course,138.95699356913184,4523.280832678712,234.85,11.0,8.0,0.0489792299898682,1398.0,2024-11-04,hyderabad,Desktop,data anaytics training
A1758,data analytics course,103.0,3547.0,232.35,11.0,8.0,0.078,1663.0,2024-11-26,hyderabad,Tablet,learn data analytics
A1759,data analytics course,148.0,3128.0,197.02,27.0,9.0,0.061,1214.0,2024-11-12,hyderabad,Tablet,data anaytics training
A1760,data analytics course,151.0,5201.0,198.56,15.0,10.0,0.066,1716.0,2024-11-05,hyderabad,Tablet,data anaytics training
A1761,data analytics course,148.0,5510.0,210.42,27.0,4.0,0.048,1352.0,2024-11-06,hyderabad,Mobile,learn data analytics
A1762,data analytics course,103.0,5628.0,195.6,24.0,8.0,0.034,1065.0,2024-11-09,hyderabad,Mobile,analytics for data
A1763,data analytics course,115.0,5445.0,183.55,21.0,7.0,0.059,1721.0,2024-11-07,hyderabad,Tablet,data analytics course
A1764,data analytics course,160.0,5936.0,239.87,29.0,4.0,0.0489792299898682,1320.0,2024-11-24,hyderabad,Mobile,analytics for data
A1765,data analytics course,166.0,5808.0,194.79,14.0,8.0,0.048,1799.0,2024-11-14,hyderabad,Tablet,data anaytics training
A1766,data analytics course,187.0,3282.0,234.91,10.0,7.0,0.041,1525.0,2024-11-29,hyderabad,Mobile,online data analytic
A1767,data analytics course,172.0,3334.0,243.12,30.0,9.0,0.052,1498.6481105241771,2024-11-08,hyderabad,Mobile,online data analytic
A1768,data analytics course,172.0,5546.0,241.81,24.0,10.0,0.058,1681.0,2024-11-03,hyderabad,Desktop,learn data analytics
A1769,data analytics course,187.0,5734.0,187.44,10.0,8.0,0.043,1183.0,2024-11-23,hyderabad,Tablet,analytics for data
A1770,data analytics course,196.0,4964.0,249.47,26.0,9.0,0.046,1996.0,2024-11-19,hyderabad,Mobile,learn data analytics
A1771,data analytics course,131.0,4774.0,240.53,24.0,7.0,0.053,1498.6481105241771,2024-09-11,hyderabad,Tablet,data anaytics training
A1772,data analytics course,103.0,5244.0,205.9,22.0,7.0,0.032,1954.0,2024-11-16,hyderabad,Mobile,analytics for data
A1773,data analytics course,114.0,3064.0,196.01,23.0,6.0,0.053,1348.0,2024-11-30,hyderabad,Mobile,learn data analytics
A1774,data analytics course,116.0,3265.0,199.21,24.0,10.0,0.086,1006.0,2024-11-21,hyderabad,Mobile,learn data analytics
A1775,data analytics course,164.0,5351.0,217.9,10.0,9.0,0.055,1431.0,2024-11-12,hyderabad,Tablet,online data analytic
A1776,data analytics course,160.0,5830.0,215.09062325209752,15.0,10.0,0.062,1270.0,2024-11-26,hyderabad,Mobile,online data analytic
A1777,data analytics course,112.0,4808.0,221.57,17.0,7.0,0.062,1186.0,2024-11-25,hyderabad,Desktop,data analitics online
A1778,data analytics course,87.0,5506.0,188.77,11.0,5.0,0.0489792299898682,1774.0,2024-11-22,hyderabad,Mobile,learn data analytics
A1779,data analytics course,138.95699356913184,4798.0,198.45,20.0,10.0,0.0489792299898682,1937.0,2024-11-14,hyderabad,Mobile,data anaytics training
A1780,data analytics course,139.0,5763.0,214.49,15.0,5.0,0.045,1781.0,2024-11-01,hyderabad,Desktop,data analitics online
A1781,data analytics course,193.0,3271.0,187.76,30.0,9.0,0.053,1209.0,2024-11-13,hyderabad,Tablet,online data analytic
A1782,data analytics course,151.0,4402.0,248.65,21.0,4.0,0.0489792299898682,1722.0,2024-11-19,hyderabad,Desktop,data analitics online
A1783,data analytics course,90.0,4281.0,216.36,24.0,4.0,0.0489792299898682,1768.0,2024-11-04,hyderabad,Mobile,learn data analytics
A1784,data analytics course,169.0,4480.0,215.09062325209752,11.0,10.0,0.059,1769.0,2024-11-28,hyderabad,Tablet,online data analytic
A1785,data analytics course,197.0,4373.0,218.3,18.0,9.0,0.059,1988.0,2024-11-14,hyderabad,Desktop,learn data analytics
A1786,data analytics course,132.0,4523.280832678712,219.44,17.0,3.0,0.055,1949.0,2024-11-24,hyderabad,Desktop,learn data analytics
A1787,data analytics course,96.0,5503.0,243.51,11.0,6.0,0.062,1687.0,2024-11-02,hyderabad,Desktop,data analitics online
A1788,data analytics course,160.0,4154.0,230.16,15.0,6.0,0.0489792299898682,1667.0,2024-11-16,hyderabad,Mobile,online data analytic
A1789,data analytics course,162.0,5161.0,240.72,16.0,7.0,0.0489792299898682,1649.0,2024-11-15,hyderabad,Tablet,learn data analytics
A1790,data analytics course,171.0,5517.0,233.86,23.0,5.0,0.029,1349.0,2024-11-24,hyderabad,Tablet,data analytics course
A1791,data analytics course,110.0,4161.0,204.28,16.0,10.0,0.0489792299898682,1447.0,2024-11-14,hyderabad,Mobile,data analitics online
A1792,data analytics course,103.0,5332.0,243.72,16.0,3.0,0.029,1882.0,2024-11-28,hyderabad,Desktop,online data analytic
A1793,data analytics course,167.0,3620.0,243.81,24.0,8.0,0.053,1001.0,2024-11-05,hyderabad,Desktop,data analytics course
A1794,data analytics course,132.0,4117.0,239.04,28.0,3.0,0.023,1761.0,2024-11-07,hyderabad,Mobile,analytics for data
A1795,data analytics course,145.0,5400.0,219.89,29.0,3.0,0.0489792299898682,1152.0,2024-11-20,hyderabad,Tablet,data analytics course
A1796,data analytics course,140.0,5220.0,183.39,25.0,8.0,0.057,1918.0,2024-11-11,hyderabad,Desktop,learn data analytics
A1797,data analytics course,122.0,4523.280832678712,217.66,25.0,10.0,0.053,1799.0,2024-11-26,hyderabad,Tablet,data analitics online
A1798,data analytics course,87.0,4081.0,180.63,20.0,4.0,0.046,1665.0,2024-11-08,hyderabad,Tablet,data analitics online
A1799,data analytics course,141.0,4239.0,199.82,15.0,5.0,0.035,1639.0,2024-11-27,hyderabad,Mobile,data anaytics training
A1800,data analytics course,157.0,3367.0,248.9,24.0,8.0,0.051,1470.0,2024-11-30,hyderabad,Tablet,data anaytics training
A1801,data analytics course,95.0,5721.0,208.53,16.0,6.0,0.063,1863.0,2024-11-05,hyderabad,Mobile,data analytics course
A1802,data analytics course,160.0,5166.0,210.21,20.0,7.0,0.044,1850.0,2024-11-21,hyderabad,Desktop,data analytics course
A1803,data analytics course,133.0,5430.0,217.34,16.0,6.0,0.045,1199.0,2024-11-14,hyderabad,Mobile,data analitics online
A1804,data analytics course,154.0,3452.0,215.61,21.0,7.0,0.058,1631.0,2024-11-02,hyderabad,Mobile,analytics for data
A1805,data analytics course,188.0,4523.280832678712,220.11,13.0,4.0,0.021,1262.0,2024-11-29,hyderabad,Tablet,data analitics online
A1806,data analytics course,186.0,5073.0,233.58,15.0,4.0,0.0489792299898682,1965.0,2024-11-04,hyderabad,Tablet,online data analytic
A1807,data analytics course,101.0,5757.0,249.33,25.0,9.0,0.035,1129.0,2024-11-01,hyderabad,Mobile,learn data analytics
A1808,data analytics course,150.0,3323.0,227.55,14.0,4.0,0.027,1931.0,2024-11-18,hyderabad,Mobile,data analytics course
A1809,data analytics course,127.0,5417.0,229.06,26.0,8.0,0.063,1086.0,2024-11-21,hyderabad,Tablet,learn data analytics
A1810,data analytics course,117.0,5445.0,213.9,10.0,5.0,0.043,1804.0,2024-11-19,hyderabad,Desktop,data analytics course
A1811,data analytics course,152.0,5173.0,230.47,15.0,5.0,0.036,1779.0,2024-11-26,hyderabad,Desktop,learn data analytics
A1812,data analytics course,87.0,3643.0,220.76,27.0,7.0,0.0489792299898682,1393.0,2024-11-03,hyderabad,Desktop,data analitics online
A1813,data analytics course,181.0,3863.0,180.12,17.0,7.0,0.035,1892.0,2024-11-28,hyderabad,Desktop,data analytics course
A1814,data analytics course,147.0,3661.0,191.67,17.0,4.0,0.027,1498.6481105241771,2024-11-24,hyderabad,Desktop,online data analytic
A1815,data analytics course,173.0,5463.0,232.38,17.0,5.0,0.029,1568.0,2024-11-26,hyderabad,Desktop,analytics for data
A1816,data analytics course,123.0,3459.0,211.88,21.0,4.0,0.033,1223.0,2024-11-24,hyderabad,Tablet,learn data analytics
A1817,data analytics course,162.0,3906.0,237.24,13.0,5.0,0.033,1062.0,2024-11-10,hyderabad,Desktop,data anaytics training
A1818,data analytics course,135.0,4645.0,182.94,12.0,7.0,0.0489792299898682,1927.0,2024-11-30,hyderabad,Desktop,online data analytic
A1819,data analytics course,169.0,3317.0,232.35,29.0,3.0,0.049,1988.0,2024-11-24,hyderabad,Mobile,data anaytics training
A1820,data analytics course,120.0,3235.0,220.67,11.0,4.0,0.0489792299898682,1890.0,2024-11-17,hyderabad,Mobile,learn data analytics
A1821,data analytics course,138.95699356913184,4823.0,234.73,30.0,5.0,0.0489792299898682,1361.0,2024-11-25,hyderabad,Mobile,data anaytics training
A1822,data analytics course,167.0,4403.0,189.36,25.0,4.0,0.03,1572.0,2024-06-11,hyderabad,Desktop,learn data analytics
A1823,data analytics course,101.0,3530.0,184.83,22.0,5.0,0.0489792299898682,1802.0,2024-11-13,hyderabad,Mobile,learn data analytics
A1824,data analytics course,129.0,4679.0,239.21,19.0,3.0,0.023,1215.0,2024-11-04,hyderabad,Mobile,data analitics online
A1825,data analytics course,153.0,5396.0,233.79,13.0,8.0,0.0489792299898682,1571.0,2024-01-11,hyderabad,Mobile,data anaytics training
A1826,data analytics course,138.95699356913184,3976.0,248.65,16.0,4.0,0.0489792299898682,1160.0,2024-11-15,hyderabad,Mobile,data anaytics training
A1827,data analytics course,108.0,5545.0,209.82,11.0,8.0,0.074,1491.0,2024-11-08,hyderabad,Mobile,analytics for data
A1828,data analytics course,85.0,4772.0,211.62,15.0,10.0,0.118,1669.0,2024-11-19,hyderabad,Mobile,learn data analytics
A1829,data analytics course,109.0,4941.0,242.54,18.0,9.0,0.083,1278.0,2024-11-11,hyderabad,Desktop,data anaytics training
A1830,data analytics course,119.0,4369.0,216.29,16.0,4.0,0.0489792299898682,1498.6481105241771,2024-11-22,hyderabad,Tablet,learn data analytics
A1831,data analytics course,143.0,5526.0,185.94,15.0,8.0,0.056,1712.0,2024-11-25,hyderabad,Desktop,analytics for data
A1832,data analytics course,161.0,5302.0,184.29,13.0,8.0,0.036,1703.0,2024-11-30,hyderabad,Tablet,learn data analytics
A1833,data analytics course,146.0,4424.0,196.88,20.0,3.0,0.021,1757.0,2024-11-30,hyderabad,Tablet,online data analytic
A1834,data analytics course,82.0,5971.0,235.52,14.0,8.0,0.098,1568.0,2024-06-11,hyderabad,Mobile,learn data analytics
A1835,data analytics course,88.0,3733.0,244.35,12.0,8.0,0.091,1622.0,2024-11-27,hyderabad,Mobile,online data analytic
A1836,data analytics course,127.0,4403.0,244.3,15.0,7.0,0.055,1832.0,2024-11-22,hyderabad,Tablet,data analytics course
A1837,data analytics course,179.0,5118.0,189.59,15.0,6.0,0.034,1892.0,2024-11-28,hyderabad,Tablet,data analytics course
A1838,data analytics course,199.0,4407.0,240.05,21.0,9.0,0.045,1054.0,2024-11-13,hyderabad,Desktop,data analitics online
A1839,data analytics course,191.0,3190.0,211.1,10.0,7.0,0.037,1498.6481105241771,2024-11-22,hyderabad,Tablet,learn data analytics
A1840,data analytics course,99.0,4880.0,245.13,25.0,8.0,0.0489792299898682,1236.0,2024-11-19,hyderabad,Tablet,data analytics course
A1841,data analytics course,122.0,5774.0,224.4,23.0,10.0,0.0489792299898682,1330.0,2024-11-14,hyderabad,Mobile,learn data analytics
A1842,data analytics course,178.0,4103.0,207.23,17.0,8.0,0.045,1612.0,2024-11-15,hyderabad,Mobile,analytics for data
A1843,data analytics course,157.0,4414.0,240.57,17.0,9.0,0.057,1483.0,2024-11-27,hyderabad,Desktop,learn data analytics
A1844,data analytics course,199.0,5319.0,216.7,25.0,9.0,0.045,1498.6481105241771,2024-01-11,hyderabad,Desktop,online data analytic
A1845,data analytics course,192.0,3320.0,208.09,17.0,3.0,0.016,1169.0,2024-11-18,hyderabad,Mobile,data anaytics training
A1846,data analytics course,144.0,4146.0,246.1,18.0,10.0,0.069,1074.0,2024-11-15,hyderabad,Desktop,analytics for data
A1847,data analytics course,147.0,4720.0,227.6,23.0,8.0,0.0489792299898682,1907.0,2024-11-05,hyderabad,Tablet,online data analytic
A1848,data analytics course,121.0,3557.0,237.03,16.0,7.0,0.0489792299898682,1255.0,2024-11-25,hyderabad,Mobile,data analitics online
A1849,data analytics course,193.0,5899.0,227.24,12.0,9.0,0.042,1832.0,2024-02-11,hyderabad,Desktop,analytics for data
A1850,data analytics course,170.0,4968.0,216.78,21.0,5.0,0.045,1997.0,2024-11-24,hyderabad,Tablet,data analytics course
A1851,data analytics course,198.0,5934.0,199.61,14.0,6.0,0.03,1498.6481105241771,2024-11-13,hyderabad,Tablet,learn data analytics
A1852,data analytics course,133.0,4078.0,189.42,21.0,6.0,0.045,1969.0,2024-11-21,hyderabad,Desktop,data analitics online
A1853,data analytics course,82.0,4163.0,208.08,30.0,8.0,0.098,1297.0,2024-11-04,hyderabad,Mobile,data analytics course
A1854,data analytics course,90.0,4330.0,249.24,20.0,4.0,0.044,1618.0,2024-11-15,hyderabad,Tablet,data anaytics training
A1855,data analytics course,122.0,5882.0,189.76,25.0,7.0,0.057,1357.0,2024-11-25,hyderabad,Tablet,analytics for data
A1856,data analytics course,105.0,5645.0,218.24,17.0,6.0,0.0489792299898682,1420.0,2024-11-02,hyderabad,Mobile,online data analytic
A1857,data analytics course,179.0,3848.0,213.26,12.0,5.0,0.0489792299898682,1807.0,2024-11-29,hyderabad,Desktop,data analytics course
A1858,data analytics course,91.0,5609.0,228.27,12.0,10.0,0.11,1098.0,2024-11-11,hyderabad,Desktop,analytics for data
A1859,data analytics course,168.0,4390.0,195.52,22.0,10.0,0.06,1553.0,2024-11-04,hyderabad,Desktop,data analytics course
A1860,data analytics course,162.0,4774.0,210.8,20.0,7.0,0.043,1387.0,2024-11-29,hyderabad,Tablet,analytics for data
A1861,data analytics course,130.0,5787.0,218.79,13.0,10.0,0.077,1679.0,2024-11-09,hyderabad,Mobile,online data analytic
A1862,data analytics course,97.0,5192.0,184.79,13.0,10.0,0.0489792299898682,1382.0,2024-11-05,hyderabad,Mobile,learn data analytics
A1863,data analytics course,142.0,4223.0,222.28,27.0,5.0,0.038,1506.0,2024-11-07,hyderabad,Desktop,learn data analytics
A1864,data analytics course,138.0,3146.0,197.89,22.0,7.0,0.0489792299898682,1498.6481105241771,2024-11-08,hyderabad,Desktop,learn data analytics
A1865,data analytics course,186.0,3988.0,237.69,15.0,5.0,0.027,1603.0,2024-11-14,hyderabad,Tablet,data analytics course
A1866,data analytics course,170.0,3437.0,232.08,23.0,5.0,0.029,1405.0,2024-11-29,hyderabad,Mobile,learn data analytics
A1867,data analytics course,85.0,3718.0,224.14,21.0,6.0,0.071,1938.0,2024-11-04,hyderabad,Desktop,online data analytic
A1868,data analytics course,115.0,5343.0,239.92,20.0,8.0,0.0489792299898682,1381.0,2024-11-15,hyderabad,Desktop,learn data analytics
A1869,data analytics course,167.0,5170.0,241.21,24.0,4.0,0.038,1515.0,2024-11-21,hyderabad,Mobile,data analytics course
A1870,data analytics course,113.0,5916.0,234.58,18.0,5.0,0.044,1165.0,2024-11-12,hyderabad,Mobile,data analytics course
A1871,data analytics course,175.0,4958.0,245.96,22.0,10.0,0.0489792299898682,1777.0,2024-11-21,hyderabad,Mobile,online data analytic
A1872,data analytics course,112.0,5538.0,225.66,22.0,4.0,0.041,1498.6481105241771,2024-11-22,hyderabad,Desktop,online data analytic
A1873,data analytics course,194.0,5309.0,191.4,19.0,10.0,0.046,1764.0,2024-11-13,hyderabad,Desktop,data anaytics training
A1874,data analytics course,138.95699356913184,4539.0,244.4,18.0,6.0,0.0489792299898682,1638.0,2024-11-28,hyderabad,Mobile,analytics for data
A1875,data analytics course,82.0,4622.0,203.99,17.0,9.0,0.11,1375.0,2024-11-12,hyderabad,Mobile,online data analytic
A1876,data analytics course,138.95699356913184,3355.0,193.57,26.0,9.0,0.0489792299898682,1961.0,2024-11-11,hyderabad,Mobile,learn data analytics
A1877,data analytics course,179.0,4992.0,221.48,27.0,10.0,0.037,1062.0,2024-11-06,hyderabad,Tablet,learn data analytics
A1878,data analytics course,93.0,3015.0,232.01,21.0,4.0,0.043,1770.0,2024-11-26,hyderabad,Mobile,learn data analytics
A1879,data analytics course,152.0,4662.0,249.13,24.0,7.0,0.046,1951.0,2024-11-11,hyderabad,Desktop,online data analytic
A1880,data analytics course,81.0,3766.0,213.12,27.0,7.0,0.086,1183.0,2024-11-27,hyderabad,Desktop,online data analytic
A1881,data analytics course,130.0,5774.0,241.97,11.0,7.0,0.044,1708.0,2024-11-20,hyderabad,Desktop,data analytics course
A1882,data analytics course,110.0,4542.0,227.95,20.0,4.0,0.036,1423.0,2024-11-11,hyderabad,Desktop,data anaytics training
A1883,data analytics course,122.0,5179.0,215.09062325209752,11.0,4.0,0.033,1507.0,2024-11-18,hyderabad,Tablet,analytics for data
A1884,data analytics course,113.0,5265.0,184.21,27.0,5.0,0.044,1353.0,2024-11-20,hyderabad,Tablet,data analitics online
A1885,data analytics course,140.0,5297.0,223.9,28.0,6.0,0.043,1630.0,2024-11-21,hyderabad,Mobile,data analytics course
A1886,data analytics course,170.0,3347.0,248.44,27.0,3.0,0.0489792299898682,1719.0,2024-11-20,hyderabad,Desktop,learn data analytics
A1887,data analytics course,176.0,5960.0,245.33,19.0,8.0,0.045,1761.0,2024-11-25,hyderabad,Tablet,analytics for data
A1888,data analytics course,138.95699356913184,5143.0,246.3,19.0,5.0,0.0489792299898682,1346.0,2024-05-11,hyderabad,Mobile,data anaytics training
A1889,data analytics course,195.0,5265.0,242.0,10.0,4.0,0.054,1699.0,2024-11-08,hyderabad,Tablet,online data analytic
A1890,data analytics course,162.0,4396.0,183.96,18.0,4.0,0.043,1054.0,2024-11-18,hyderabad,Tablet,data analitics online
A1891,data analytics course,138.0,4381.0,191.55,28.0,7.0,0.0489792299898682,1756.0,2024-11-01,hyderabad,Tablet,data anaytics training
A1892,data analytics course,177.0,3965.0,225.82,15.0,4.0,0.023,1530.0,2024-11-22,hyderabad,Mobile,online data analytic
A1893,data analytics course,159.0,3366.0,217.27,21.0,7.0,0.044,1515.0,2024-11-17,hyderabad,Tablet,online data analytic
A1894,data analytics course,111.0,4026.0,229.01,13.0,3.0,0.0489792299898682,1438.0,2024-11-01,hyderabad,Desktop,learn data analytics
A1895,data analytics course,184.0,5560.0,189.14,14.0,6.0,0.0489792299898682,1250.0,2024-11-17,hyderabad,Tablet,data analitics online
A1896,data analytics course,128.0,4500.0,188.21,10.0,3.0,0.0489792299898682,1087.0,2024-11-14,hyderabad,Desktop,online data analytic
A1897,data analytics course,164.0,3851.0,219.15,22.0,6.0,0.049,1487.0,2024-11-09,hyderabad,Mobile,learn data analytics
A1898,data analytics course,120.0,3464.0,228.3,19.0,4.0,0.058,1426.0,2024-11-22,hyderabad,Tablet,online data analytic
A1899,data analytics course,89.0,3248.0,239.42,10.0,4.0,0.0489792299898682,1498.6481105241771,2024-11-11,hyderabad,Mobile,learn data analytics
A1900,data analytics course,91.0,3721.0,231.45,24.0,6.0,0.06,1498.6481105241771,2024-11-14,hyderabad,Tablet,online data analytic
A1901,data analytics course,143.0,4143.0,191.68,20.0,5.0,0.035,1460.0,2024-11-30,hyderabad,Tablet,analytics for data
A1902,data analytics course,176.0,5768.0,238.94,14.0,8.0,0.045,1016.0,2024-11-02,hyderabad,Tablet,data analitics online
A1903,data analytics course,151.0,4408.0,214.29,20.0,5.0,0.033,1900.0,2024-11-21,hyderabad,Desktop,data analytics course
A1904,data analytics course,134.0,3623.0,221.65,19.0,5.0,0.047,1937.0,2024-11-24,hyderabad,Desktop,data analitics online
A1905,data analytics course,191.0,3057.0,223.28,27.0,6.0,0.031,1208.0,2024-11-03,hyderabad,Desktop,data analitics online
A1906,data analytics course,170.0,3144.0,215.09062325209752,21.0,3.0,0.031,1695.0,2024-11-05,hyderabad,Desktop,data analitics online
A1907,data analytics course,112.0,3989.0,228.74,10.0,8.0,0.0489792299898682,1812.0,2024-11-13,hyderabad,Mobile,analytics for data
A1908,data analytics course,169.0,3619.0,246.66,28.0,3.0,0.018,1354.0,2024-11-25,hyderabad,Desktop,online data analytic
A1909,data analytics course,172.0,4696.0,242.17,26.0,3.0,0.017,1719.0,2024-11-06,hyderabad,Desktop,data analytics course
A1910,data analytics course,162.0,5684.0,219.08,30.0,7.0,0.0489792299898682,1295.0,2024-11-26,hyderabad,Desktop,data analytics course
A1911,data analytics course,183.0,4197.0,243.19,29.0,8.0,0.0489792299898682,1593.0,2024-11-09,hyderabad,Mobile,data anaytics training
A1912,data analytics course,108.0,5949.0,184.25,23.0,8.0,0.074,1986.0,2024-11-23,hyderabad,Desktop,data anaytics training
A1913,data analytics course,126.0,3784.0,215.09062325209752,24.0,5.0,0.0489792299898682,1951.0,2024-11-28,hyderabad,Mobile,analytics for data
A1914,data analytics course,174.0,3570.0,222.65,25.0,3.0,0.017,1498.6481105241771,2024-11-19,hyderabad,Tablet,learn data analytics
A1915,data analytics course,122.0,4632.0,236.57,13.0,6.0,0.0489792299898682,1001.0,2024-11-15,hyderabad,Desktop,data analytics course
A1916,data analytics course,191.0,3457.0,237.6,24.0,10.0,0.052,1498.6481105241771,2024-11-05,hyderabad,Desktop,data analytics course
A1917,data analytics course,122.0,4525.0,202.89,23.0,8.0,0.034,1499.0,2024-11-22,hyderabad,Tablet,data anaytics training
A1918,data analytics course,175.0,4850.0,186.25,28.0,10.0,0.057,1978.0,2024-11-18,hyderabad,Desktop,analytics for data
A1919,data analytics course,123.0,4938.0,180.64,24.0,9.0,0.073,1746.0,2024-11-21,hyderabad,Tablet,data analytics course
A1920,data analytics course,135.0,5748.0,239.22,20.0,7.0,0.051,1222.0,2024-11-21,hyderabad,Tablet,analytics for data
A1921,data analytics course,138.95699356913184,4622.0,187.85,24.0,5.0,0.0489792299898682,1998.0,2024-11-11,hyderabad,Tablet,analytics for data
A1922,data analytics course,90.0,5596.0,188.04,12.0,4.0,0.044,1498.6481105241771,2024-11-17,hyderabad,Mobile,online data analytic
A1923,data analytics course,138.95699356913184,5308.0,234.1,27.0,8.0,0.0489792299898682,1150.0,2024-11-16,hyderabad,Tablet,analytics for data
A1924,data analytics course,89.0,3069.0,205.37,19.0,6.0,0.0489792299898682,1518.0,2024-11-28,hyderabad,Desktop,data analitics online
A1925,data analytics course,138.95699356913184,4221.0,180.83,24.0,10.0,0.033,1082.0,2024-11-13,hyderabad,Tablet,learn data analytics
A1926,data analytics course,148.0,4514.0,203.54,23.0,3.0,0.047,1622.0,2024-05-11,hyderabad,Desktop,data analitics online
A1927,data analytics course,96.0,3468.0,228.41,16.0,9.0,0.094,1035.0,2024-04-11,hyderabad,Desktop,learn data analytics
A1928,data analytics course,126.0,3613.0,208.74,18.0,7.0,0.0489792299898682,1106.0,2024-11-06,hyderabad,Desktop,learn data analytics
A1929,data analytics course,115.0,3234.0,227.77,30.0,3.0,0.026,1272.0,2024-11-13,hyderabad,Tablet,learn data analytics
A1930,data analytics course,135.0,5436.0,245.86,28.0,9.0,0.067,1453.0,2024-11-03,hyderabad,Desktop,data analitics online
A1931,data analytics course,158.0,4519.0,191.84,26.0,4.0,0.025,1498.6481105241771,2024-11-29,hyderabad,Desktop,data analitics online
A1932,data analytics course,80.0,3777.0,199.52,12.0,7.0,0.0489792299898682,1694.0,2024-11-22,hyderabad,Desktop,learn data analytics
A1933,data analytics course,190.0,3461.0,205.22,28.0,10.0,0.0489792299898682,1616.0,2024-11-25,hyderabad,Mobile,online data analytic
A1934,data analytics course,135.0,4575.0,241.92,10.0,5.0,0.0489792299898682,1553.0,2024-11-22,hyderabad,Desktop,data analytics course
A1935,data analytics course,149.0,3471.0,242.14,23.0,4.0,0.027,1937.0,2024-11-19,hyderabad,Desktop,data anaytics training
A1936,data analytics course,164.0,3115.0,232.62,10.0,7.0,0.0489792299898682,1802.0,2024-04-11,hyderabad,Tablet,data analitics online
A1937,data analytics course,132.0,5428.0,180.73,10.0,7.0,0.039,1732.0,2024-11-16,hyderabad,Desktop,data analytics course
A1938,data analytics course,198.0,4499.0,245.24,27.0,7.0,0.035,1165.0,2024-11-01,hyderabad,Tablet,online data analytic
A1939,data analytics course,153.0,3285.0,226.26,12.0,7.0,0.046,1838.0,2024-11-21,hyderabad,Desktop,online data analytic
A1940,data analytics course,142.0,3431.0,235.09,19.0,7.0,0.0489792299898682,1334.0,2024-11-08,hyderabad,Desktop,data analitics online
A1941,data analytics course,91.0,4600.0,194.14,19.0,7.0,0.077,1255.0,2024-11-19,hyderabad,Mobile,data analitics online
A1942,data analytics course,154.0,4804.0,190.98,21.0,3.0,0.019,1521.0,2024-11-23,hyderabad,Desktop,data anaytics training
A1943,data analytics course,115.0,5472.0,230.29,26.0,4.0,0.0489792299898682,1275.0,2024-11-07,hyderabad,Mobile,learn data analytics
A1944,data analytics course,86.0,5493.0,191.28,18.0,9.0,0.105,1204.0,2024-11-20,hyderabad,Tablet,data analytics course
A1945,data analytics course,116.0,3188.0,238.62,15.0,10.0,0.086,1429.0,2024-11-14,hyderabad,Tablet,online data analytic
A1946,data analytics course,144.0,3579.0,237.97,21.0,10.0,0.069,1155.0,2024-11-02,hyderabad,Desktop,data analytics course
A1947,data analytics course,101.0,4198.0,204.09,30.0,10.0,0.099,1642.0,2024-11-21,hyderabad,Desktop,data anaytics training
A1948,data analytics course,116.0,4224.0,245.99,10.0,5.0,0.0489792299898682,1054.0,2024-11-05,hyderabad,Tablet,data analitics online
A1949,data analytics course,187.0,3199.0,193.29,24.0,6.0,0.032,1430.0,2024-11-20,hyderabad,Tablet,online data analytic
A1950,data analytics course,114.0,4333.0,192.81,26.0,6.0,0.053,1722.0,2024-08-11,hyderabad,Tablet,data anaytics training
A1951,data analytics course,141.0,3617.0,198.52,20.0,9.0,0.0489792299898682,1858.0,2024-11-21,hyderabad,Desktop,data analytics course
A1952,data analytics course,167.0,5588.0,181.95,18.0,9.0,0.035,1498.6481105241771,2024-11-23,hyderabad,Tablet,data anaytics training
A1953,data analytics course,186.0,4689.0,204.31,26.0,6.0,0.032,1936.0,2024-11-21,hyderabad,Desktop,data analitics online
A1954,data analytics course,138.95699356913184,4846.0,206.4,21.0,7.0,0.0489792299898682,1526.0,2024-11-28,hyderabad,Mobile,data analitics online
A1955,data analytics course,136.0,3441.0,236.21,26.0,9.0,0.0489792299898682,1461.0,2024-11-15,hyderabad,Desktop,learn data analytics
A1956,data analytics course,185.0,3719.0,245.91,17.0,9.0,0.049,1218.0,2024-11-09,hyderabad,Mobile,online data analytic
A1957,data analytics course,162.0,3337.0,200.94,11.0,9.0,0.056,1820.0,2024-11-16,hyderabad,Mobile,data analytics course
A1958,data analytics course,91.0,3694.0,234.02,23.0,5.0,0.055,1498.6481105241771,2024-11-24,hyderabad,Desktop,online data analytic
A1959,data analytics course,109.0,5641.0,224.36,30.0,4.0,0.037,1531.0,2024-11-13,hyderabad,Tablet,analytics for data
A1960,data analytics course,88.0,3992.0,195.38,14.0,4.0,0.0489792299898682,1228.0,2024-11-15,hyderabad,Desktop,data analytics course
A1961,data analytics course,189.0,3411.0,205.26,28.0,7.0,0.0489792299898682,1147.0,2024-11-27,hyderabad,Desktop,analytics for data
A1962,data analytics course,154.0,3099.0,218.7,30.0,6.0,0.039,1366.0,2024-10-11,hyderabad,Desktop,data analitics online
A1963,data analytics course,106.0,3017.0,242.71,24.0,5.0,0.03,1701.0,2024-11-04,hyderabad,Mobile,learn data analytics
A1964,data analytics course,134.0,4523.280832678712,202.32,17.0,5.0,0.057,1963.0,2024-11-23,hyderabad,Tablet,data anaytics training
A1965,data analytics course,84.0,5662.0,228.62,25.0,9.0,0.107,1988.0,2024-11-26,hyderabad,Desktop,analytics for data
A1966,data analytics course,190.0,4476.0,198.18,12.0,4.0,0.0489792299898682,1002.0,2024-11-07,hyderabad,Desktop,data analitics online
A1967,data analytics course,156.0,4771.0,199.3,26.0,8.0,0.051,1823.0,2024-11-04,hyderabad,Tablet,data analitics online
A1968,data analytics course,138.95699356913184,5510.0,198.92,23.0,9.0,0.0489792299898682,1063.0,2024-11-14,hyderabad,Desktop,data analytics course
A1969,data analytics course,170.0,4786.0,202.62,27.0,6.0,0.04,1372.0,2024-11-04,hyderabad,Mobile,data anaytics training
A1970,data analytics course,86.0,3964.0,193.15,26.0,5.0,0.045,1639.0,2024-11-23,hyderabad,Desktop,learn data analytics
A1971,data analytics course,143.0,5317.0,236.37,10.0,3.0,0.0489792299898682,1861.0,2024-11-16,hyderabad,Tablet,data analitics online
A1972,data analytics course,84.0,3454.0,206.8,23.0,3.0,0.036,1573.0,2024-11-17,hyderabad,Desktop,learn data analytics
A1973,data analytics course,145.0,3804.0,236.92,29.0,8.0,0.0489792299898682,1328.0,2024-11-23,hyderabad,Tablet,data analytics course
A1974,data analytics course,126.0,4670.0,234.65,25.0,8.0,0.0489792299898682,1470.0,2024-11-23,hyderabad,Desktop,online data analytic
A1975,data analytics course,156.0,3273.0,189.36,14.0,6.0,0.038,1860.0,2024-11-15,hyderabad,Mobile,data analitics online
A1976,data analytics course,124.0,4236.0,182.02,24.0,9.0,0.073,1979.0,2024-11-22,hyderabad,Desktop,data anaytics training
A1977,data analytics course,197.0,5866.0,217.81,28.0,7.0,0.036,1331.0,2024-11-18,hyderabad,Mobile,learn data analytics
A1978,data analytics course,106.0,3102.0,214.56,12.0,7.0,0.0489792299898682,1881.0,2024-11-25,hyderabad,Mobile,learn data analytics
A1979,data analytics course,129.0,4856.0,230.13,23.0,7.0,0.054,1720.0,2024-11-25,hyderabad,Tablet,learn data analytics
A1980,data analytics course,93.0,4054.0,244.73,11.0,8.0,0.086,1066.0,2024-11-24,hyderabad,Desktop,online data analytic
A1981,data analytics course,96.0,4074.0,219.66,16.0,8.0,0.083,1498.6481105241771,2024-07-11,hyderabad,Tablet,data analitics online
A1982,data analytics course,135.0,4430.0,196.18,12.0,9.0,0.067,1374.0,2024-11-08,hyderabad,Mobile,analytics for data
A1983,data analytics course,138.0,5356.0,204.86,15.0,9.0,0.065,1268.0,2024-11-22,hyderabad,Mobile,online data analytic
A1984,data analytics course,92.0,4898.0,247.49,19.0,7.0,0.0489792299898682,1969.0,2024-11-07,hyderabad,Desktop,data anaytics training
A1985,data analytics course,151.0,5301.0,232.06,13.0,9.0,0.06,1893.0,2024-11-05,hyderabad,Mobile,data analitics online
A1986,data analytics course,189.0,3031.0,209.84,25.0,6.0,0.032,1936.0,2024-11-26,hyderabad,Tablet,online data analytic
A1987,data analytics course,97.0,3410.0,180.52,24.0,7.0,0.0489792299898682,1532.0,2024-07-11,hyderabad,Tablet,analytics for data
A1988,data analytics course,178.0,4745.0,200.61,12.0,9.0,0.051,1574.0,2024-11-18,hyderabad,Desktop,learn data analytics
A1989,data analytics course,164.0,3024.0,192.34,12.0,8.0,0.049,1997.0,2024-11-07,hyderabad,Desktop,data analytics course
A1990,data analytics course,94.0,5435.0,231.42,21.0,5.0,0.056,1114.0,2024-11-03,hyderabad,Desktop,data analitics online
A1991,data analytics course,176.0,3021.0,204.53,29.0,7.0,0.03,1620.0,2024-11-13,hyderabad,Tablet,online data analytic
A1992,data analytics course,165.0,5335.0,192.53,23.0,5.0,0.03,1402.0,2024-12-11,hyderabad,Mobile,data anaytics training
A1993,data analytics course,188.0,4081.0,237.05,18.0,8.0,0.05,1846.0,2024-06-11,hyderabad,Tablet,data analytics course
A1994,data analytics course,87.0,4840.0,205.72,16.0,6.0,0.0489792299898682,1040.0,2024-09-11,hyderabad,Desktop,online data analytic
A1995,data analytics course,106.0,4738.0,196.7,17.0,4.0,0.038,1515.0,2024-11-29,hyderabad,Tablet,data anaytics training
A1996,data analytics course,198.0,4181.0,218.4,10.0,8.0,0.04,1298.0,2024-11-17,hyderabad,Mobile,data anaytics training
A1997,data analytics course,121.0,5813.0,202.92,25.0,6.0,0.05,1226.0,2024-11-14,hyderabad,Tablet,data analitics online
A1998,data analytics course,120.0,4303.0,202.8,21.0,4.0,0.033,1033.0,2024-11-26,hyderabad,Tablet,online data analytic
A1999,data analytics course,189.0,5201.0,210.87,21.0,10.0,0.053,1560.0,2024-11-11,hyderabad,Mobile,data analytics course
A2000,data analytics course,131.0,4603.0,228.63,30.0,7.0,0.0489792299898682,1270.0,2024-11-03,hyderabad,Tablet,analytics for data
A2001,data analytics course,99.0,4051.0,207.42,10.0,9.0,0.091,1797.0,2024-11-14,hyderabad,Mobile,analytics for data
A2002,data analytics course,199.0,4080.0,243.8,23.0,7.0,0.05,1507.0,2024-11-15,hyderabad,Desktop,data anaytics training
A2003,data analytics course,180.0,4140.0,240.76,21.0,8.0,0.044,1248.0,2024-11-11,hyderabad,Desktop,online data analytic
A2004,data analytics course,88.0,3333.0,193.25,29.0,3.0,0.034,1398.0,2024-11-14,hyderabad,Tablet,data analitics online
A2005,data analytics course,140.0,3689.0,249.33,20.0,9.0,0.064,1329.0,2024-11-22,hyderabad,Mobile,learn data analytics
A2006,data analytics course,166.0,4665.0,223.95,23.0,9.0,0.054,1404.0,2024-11-07,hyderabad,Tablet,data analitics online
A2007,data analytics course,185.0,3670.0,198.66,30.0,4.0,0.057,1440.0,2024-11-13,hyderabad,Desktop,data anaytics training
A2008,data analytics course,139.0,4036.0,242.12,25.0,5.0,0.036,1329.0,2024-11-26,hyderabad,Tablet,learn data analytics
A2009,data analytics course,142.0,4497.0,198.98,27.0,3.0,0.0489792299898682,1582.0,2024-11-30,hyderabad,Tablet,analytics for data
A2010,data analytics course,173.0,3705.0,197.01,20.0,10.0,0.058,1010.0,2024-11-26,hyderabad,Desktop,data anaytics training
A2011,data analytics course,138.95699356913184,5849.0,215.09062325209752,27.0,3.0,0.0489792299898682,1146.0,2024-11-25,hyderabad,Tablet,learn data analytics
A2012,data analytics course,153.0,5283.0,205.72,24.0,3.0,0.02,1591.0,2024-10-11,hyderabad,Desktop,learn data analytics
A2013,data analytics course,104.0,5203.0,241.15,17.0,6.0,0.048,1164.0,2024-11-28,hyderabad,Mobile,data analitics online
A2014,data analytics course,120.0,4243.0,198.49,15.0,10.0,0.083,1891.0,2024-11-27,hyderabad,Desktop,data anaytics training
A2015,data analytics course,100.0,3716.0,247.95,23.0,8.0,0.0489792299898682,1924.0,2024-11-14,hyderabad,Mobile,learn data analytics
A2016,data analytics course,106.0,3646.0,237.89,28.0,7.0,0.046,1564.0,2024-11-02,hyderabad,Mobile,analytics for data
A2017,data analytics course,136.0,4101.0,227.43,28.0,9.0,0.057,1284.0,2024-11-19,hyderabad,Tablet,learn data analytics
A2018,data analytics course,121.0,3366.0,246.56,25.0,7.0,0.0489792299898682,1170.0,2024-11-02,hyderabad,Desktop,online data analytic
A2019,data analytics course,153.0,3381.0,231.35,29.0,5.0,0.033,1769.0,2024-11-28,hyderabad,Tablet,data analytics course
A2020,data analytics course,111.0,5003.0,213.34,29.0,3.0,0.0489792299898682,1938.0,2024-11-25,hyderabad,Tablet,analytics for data
A2021,data analytics course,156.0,5415.0,198.27,29.0,7.0,0.037,1918.0,2024-11-17,hyderabad,Desktop,data anaytics training
A2022,data analytics course,137.0,3838.0,226.92,18.0,6.0,0.044,1498.6481105241771,2024-11-27,hyderabad,Tablet,analytics for data
A2023,data analytics course,138.0,3002.0,246.3,24.0,7.0,0.036,1530.0,2024-11-01,hyderabad,Tablet,learn data analytics
A2024,data analytics course,96.0,3958.0,238.06,17.0,4.0,0.042,1750.0,2024-11-07,hyderabad,Mobile,online data analytic
A2025,data analytics course,180.0,3060.0,194.47,21.0,5.0,0.054,1429.0,2024-11-10,hyderabad,Tablet,online data analytic
A2026,data analytics course,132.0,5514.0,208.57,16.0,7.0,0.053,1072.0,2024-11-26,hyderabad,Mobile,online data analytic
A2027,data analytics course,147.0,5373.0,233.68,20.0,7.0,0.048,1685.0,2024-11-01,hyderabad,Desktop,data analytics course
A2028,data analytics course,84.0,4720.0,213.68,20.0,5.0,0.06,1412.0,2024-11-21,hyderabad,Tablet,data analytics course
A2029,data analytics course,82.0,4330.0,228.68,18.0,8.0,0.098,1510.0,2024-11-04,hyderabad,Desktop,analytics for data
A2030,data analytics course,173.0,4365.0,215.09062325209752,28.0,9.0,0.0489792299898682,1311.0,2024-06-11,hyderabad,Desktop,data analitics online
A2031,data analytics course,89.0,5899.0,226.95,13.0,7.0,0.079,1058.0,2024-11-10,hyderabad,Mobile,data anaytics training
A2032,data analytics course,198.0,3500.0,206.88,19.0,6.0,0.03,1684.0,2024-11-11,hyderabad,Mobile,analytics for data
A2033,data analytics course,135.0,4155.0,207.81,25.0,9.0,0.049,1313.0,2024-03-11,hyderabad,Desktop,online data analytic
A2034,data analytics course,94.0,5437.0,190.49,16.0,6.0,0.044,1234.0,2024-11-16,hyderabad,Tablet,data anaytics training
A2035,data analytics course,151.0,3251.0,224.8,13.0,6.0,0.04,1498.6481105241771,2024-11-21,hyderabad,Desktop,learn data analytics
A2036,data analytics course,113.0,5392.0,205.13,28.0,3.0,0.034,1208.0,2024-11-17,hyderabad,Mobile,online data analytic
A2037,data analytics course,164.0,5403.0,213.0,11.0,8.0,0.037,1498.6481105241771,2024-11-22,hyderabad,Desktop,analytics for data
A2038,data analytics course,135.0,5054.0,224.03,16.0,6.0,0.044,1765.0,2024-07-11,hyderabad,Mobile,data anaytics training
A2039,data analytics course,116.0,5757.0,218.69,10.0,7.0,0.045,1834.0,2024-11-23,hyderabad,Mobile,online data analytic
A2040,data analytics course,138.95699356913184,4485.0,220.3,14.0,6.0,0.0489792299898682,1801.0,2024-11-01,hyderabad,Mobile,data analytics course
A2041,data analytics course,164.0,4053.0,245.26,28.0,7.0,0.043,1384.0,2024-11-01,hyderabad,Tablet,learn data analytics
A2042,data analytics course,146.0,5733.0,225.48,26.0,3.0,0.035,1658.0,2024-11-10,hyderabad,Desktop,online data analytic
A2043,data analytics course,181.0,3225.0,190.25,22.0,5.0,0.028,1677.0,2024-10-11,hyderabad,Mobile,learn data analytics
A2044,data analytics course,156.0,4170.0,244.72,29.0,3.0,0.019,1962.0,2024-11-20,hyderabad,Desktop,data analitics online
A2045,data analytics course,182.0,4039.0,240.35,12.0,7.0,0.038,1214.0,2024-11-13,hyderabad,Tablet,data anaytics training
A2046,data analytics course,137.0,3150.0,184.36,19.0,3.0,0.041,1218.0,2024-11-29,hyderabad,Tablet,data analitics online
A2047,data analytics course,93.0,4498.0,237.67,27.0,3.0,0.032,1102.0,2024-11-30,hyderabad,Mobile,online data analytic
A2048,data analytics course,136.0,4683.0,228.82,22.0,5.0,0.037,1493.0,2024-11-19,hyderabad,Desktop,learn data analytics
A2049,data analytics course,194.0,5620.0,194.91,22.0,10.0,0.0489792299898682,1607.0,2024-08-11,hyderabad,Tablet,data analytics course
A2050,data analytics course,138.95699356913184,4653.0,194.99,11.0,5.0,0.054,1928.0,2024-11-12,hyderabad,Tablet,learn data analytics
A2051,data analytics course,181.0,3063.0,191.03,15.0,4.0,0.022,1125.0,2024-11-21,hyderabad,Desktop,data anaytics training
A2052,data analytics course,156.0,3273.0,245.27,30.0,8.0,0.035,1498.6481105241771,2024-11-05,hyderabad,Tablet,learn data analytics
A2053,data analytics course,128.0,4314.0,181.68,28.0,5.0,0.0489792299898682,1456.0,2024-11-25,hyderabad,Mobile,analytics for data
A2054,data analytics course,133.0,5945.0,223.43,16.0,6.0,0.045,1329.0,2024-11-16,hyderabad,Tablet,data anaytics training
A2055,data analytics course,118.0,4794.0,233.49,24.0,3.0,0.025,1707.0,2024-11-27,hyderabad,Mobile,data analytics course
A2056,data analytics course,191.0,5227.0,204.87,26.0,6.0,0.0489792299898682,1605.0,2024-11-20,hyderabad,Mobile,data analytics course
A2057,data analytics course,172.0,4850.0,242.33,27.0,4.0,0.023,1391.0,2024-11-21,hyderabad,Tablet,data analitics online
A2058,data analytics course,143.0,5314.0,222.14,21.0,9.0,0.063,1498.6481105241771,2024-11-22,hyderabad,Tablet,learn data analytics
A2059,data analytics course,110.0,4394.0,194.23,28.0,3.0,0.027,1394.0,2024-11-25,hyderabad,Tablet,analytics for data
A2060,data analytics course,119.0,5820.0,196.42,11.0,10.0,0.084,1707.0,2024-11-22,hyderabad,Tablet,learn data analytics
A2061,data analytics course,178.0,5328.0,201.9,20.0,9.0,0.051,1452.0,2024-11-21,hyderabad,Mobile,data analytics course
A2062,data analytics course,138.95699356913184,3557.0,190.84,17.0,4.0,0.0489792299898682,1925.0,2024-11-28,hyderabad,Desktop,data analitics online
A2063,data analytics course,95.0,4050.0,234.79,20.0,5.0,0.0489792299898682,1783.0,2024-11-18,hyderabad,Mobile,data analitics online
A2064,data analytics course,198.0,3575.0,224.07,13.0,3.0,0.0489792299898682,1070.0,2024-11-09,hyderabad,Desktop,data analitics online
A2065,data analytics course,134.0,5570.0,233.77,15.0,4.0,0.03,1101.0,2024-11-27,hyderabad,Mobile,data analytics course
A2066,data analytics course,83.0,4883.0,228.3,29.0,10.0,0.0489792299898682,1456.0,2024-11-07,hyderabad,Mobile,learn data analytics
A2067,data analytics course,187.0,4753.0,236.03,13.0,3.0,0.054,1906.0,2024-11-18,hyderabad,Desktop,data analitics online
A2068,data analytics course,81.0,5653.0,245.33,23.0,8.0,0.099,1248.0,2024-11-26,hyderabad,Mobile,data analitics online
A2069,data analytics course,144.0,5750.0,184.37,19.0,8.0,0.056,1098.0,2024-11-26,hyderabad,Desktop,learn data analytics
A2070,data analytics course,161.0,5766.0,221.93,10.0,8.0,0.05,1830.0,2024-11-13,hyderabad,Tablet,online data analytic
A2071,data analytics course,90.0,4424.0,219.77,10.0,4.0,0.0489792299898682,1396.0,2024-08-11,hyderabad,Desktop,data analitics online
A2072,data analytics course,128.0,5043.0,231.72,26.0,8.0,0.062,1508.0,2024-11-26,hyderabad,Tablet,analytics for data
A2073,data analytics course,195.0,4529.0,200.36,25.0,7.0,0.034,1343.0,2024-11-30,hyderabad,Tablet,data anaytics training
A2074,data analytics course,160.0,5751.0,215.09062325209752,28.0,4.0,0.04,1802.0,2024-11-22,hyderabad,Mobile,learn data analytics
A2075,data analytics course,176.0,4518.0,237.95,17.0,10.0,0.057,1933.0,2024-11-11,hyderabad,Desktop,analytics for data
A2076,data analytics course,157.0,5201.0,228.72,14.0,8.0,0.051,1458.0,2024-11-09,hyderabad,Mobile,data analitics online
A2077,data analytics course,104.0,4735.0,233.95,19.0,6.0,0.058,1493.0,2024-11-23,hyderabad,Mobile,learn data analytics
A2078,data analytics course,117.0,3014.0,242.24,12.0,7.0,0.0489792299898682,1432.0,2024-11-29,hyderabad,Mobile,learn data analytics
A2079,data analytics course,138.0,5506.0,192.89,27.0,6.0,0.043,1261.0,2024-11-02,hyderabad,Tablet,learn data analytics
A2080,data analytics course,84.0,3758.0,232.56,26.0,5.0,0.06,1384.0,2024-06-11,hyderabad,Desktop,data analytics course
A2081,data analytics course,102.0,4460.0,182.23,15.0,6.0,0.059,1849.0,2024-11-14,hyderabad,Tablet,data analitics online
A2082,data analytics course,122.0,5518.0,202.0,27.0,3.0,0.025,1884.0,2024-11-11,hyderabad,Tablet,analytics for data
A2083,data analytics course,198.0,5542.0,234.62,10.0,10.0,0.051,1605.0,2024-11-27,hyderabad,Tablet,online data analytic
A2084,data analytics course,152.0,5678.0,204.41,22.0,4.0,0.0489792299898682,1794.0,2024-11-20,hyderabad,Desktop,online data analytic
A2085,data analytics course,147.0,4608.0,180.04,20.0,6.0,0.041,1351.0,2024-11-21,hyderabad,Desktop,data analitics online
A2086,data analytics course,108.0,5448.0,230.17,12.0,10.0,0.052,1039.0,2024-11-19,hyderabad,Desktop,data analytics course
A2087,data analytics course,137.0,5261.0,196.48,23.0,5.0,0.036,1227.0,2024-11-26,hyderabad,Tablet,data anaytics training
A2088,data analytics course,131.0,4523.280832678712,209.38,16.0,9.0,0.069,1645.0,2024-11-12,hyderabad,Mobile,data analitics online
A2089,data analytics course,80.0,3760.0,236.82,13.0,4.0,0.05,1927.0,2024-11-21,hyderabad,Desktop,learn data analytics
A2090,data analytics course,114.0,4157.0,248.56,10.0,7.0,0.061,1671.0,2024-11-10,hyderabad,Desktop,analytics for data
A2091,data analytics course,123.0,4580.0,223.0,15.0,7.0,0.057,1614.0,2024-11-18,hyderabad,Mobile,analytics for data
A2092,data analytics course,168.0,4068.0,233.54,23.0,5.0,0.03,1636.0,2024-11-27,hyderabad,Mobile,analytics for data
A2093,data analytics course,180.0,3072.0,218.47,28.0,9.0,0.05,1200.0,2024-06-11,hyderabad,Mobile,learn data analytics
A2094,data analytics course,117.0,5379.0,240.68,18.0,3.0,0.038,1361.0,2024-11-06,hyderabad,Tablet,analytics for data
A2095,data analytics course,103.0,4885.0,221.05,21.0,10.0,0.097,1498.6481105241771,2024-11-25,hyderabad,Mobile,online data analytic
A2096,data analytics course,140.0,5859.0,211.08,26.0,9.0,0.064,1276.0,2024-11-15,hyderabad,Desktop,data anaytics training
A2097,data analytics course,158.0,4574.0,198.9,21.0,8.0,0.0489792299898682,1706.0,2024-04-11,hyderabad,Desktop,learn data analytics
A2098,data analytics course,162.0,5911.0,232.03,12.0,7.0,0.043,1613.0,2024-09-11,hyderabad,Tablet,data analitics online
A2099,data analytics course,122.0,3440.0,206.78,20.0,3.0,0.025,1222.0,2024-11-24,hyderabad,Tablet,online data analytic
A2100,data analytics course,89.0,4319.0,198.79,23.0,10.0,0.112,1980.0,2024-11-16,hyderabad,Mobile,learn data analytics
A2101,data analytics course,119.0,3956.0,188.53,20.0,5.0,0.044,1311.0,2024-11-15,hyderabad,Tablet,data anaytics training
A2102,data analytics course,155.0,4220.0,200.81,20.0,3.0,0.019,1199.0,2024-11-30,hyderabad,Mobile,data analytics course
A2103,data analytics course,138.95699356913184,3692.0,243.6,30.0,4.0,0.0489792299898682,1954.0,2024-11-01,hyderabad,Mobile,analytics for data
A2104,data analytics course,179.0,4188.0,231.23,25.0,9.0,0.05,1936.0,2024-11-19,hyderabad,Mobile,online data analytic
A2105,data analytics course,194.0,4523.280832678712,217.93,29.0,7.0,0.0489792299898682,1457.0,2024-11-25,hyderabad,Mobile,data analytics course
A2106,data analytics course,101.0,3401.0,194.12,27.0,3.0,0.03,1721.0,2024-11-11,hyderabad,Mobile,learn data analytics
A2107,data analytics course,110.0,3382.0,249.88,17.0,6.0,0.044,1327.0,2024-11-22,hyderabad,Mobile,learn data analytics
A2108,data analytics course,179.0,5366.0,204.5,20.0,9.0,0.05,1510.0,2024-11-22,hyderabad,Tablet,data analitics online
A2109,data analytics course,193.0,4611.0,197.28,27.0,10.0,0.034,1701.0,2024-11-29,hyderabad,Mobile,data analytics course
A2110,data analytics course,188.0,4447.0,234.18,14.0,8.0,0.045,1449.0,2024-11-17,hyderabad,Mobile,analytics for data
A2111,data analytics course,138.95699356913184,4075.0,211.41,11.0,7.0,0.0489792299898682,1764.0,2024-11-08,hyderabad,Tablet,data analitics online
A2112,data analytics course,177.0,4230.0,213.46,15.0,4.0,0.023,1389.0,2024-11-06,hyderabad,Desktop,analytics for data
A2113,data analytics course,152.0,3729.0,214.23,22.0,7.0,0.047,2000.0,2024-11-20,hyderabad,Tablet,analytics for data
A2114,data analytics course,168.0,4710.0,214.49,15.0,9.0,0.054,1466.0,2024-11-24,hyderabad,Mobile,data anaytics training
A2115,data analytics course,171.0,5332.0,229.69,11.0,3.0,0.018,1685.0,2024-03-11,hyderabad,Mobile,data analytics course
A2116,data analytics course,150.0,3833.0,202.55,29.0,10.0,0.0489792299898682,1509.0,2024-10-11,hyderabad,Tablet,learn data analytics
A2117,data analytics course,138.95699356913184,4833.0,193.96,23.0,9.0,0.0489792299898682,1987.0,2024-11-16,hyderabad,Mobile,online data analytic
A2118,data analytics course,174.0,4720.0,215.09062325209752,25.0,10.0,0.0489792299898682,1209.0,2024-11-21,hyderabad,Tablet,analytics for data
A2119,data analytics course,127.0,3131.0,227.93,24.0,7.0,0.0489792299898682,1571.0,2024-11-14,hyderabad,Desktop,data anaytics training
A2120,data analytics course,148.0,5147.0,244.42,18.0,4.0,0.045,1348.0,2024-11-30,hyderabad,Desktop,data analitics online
A2121,data analytics course,112.0,5288.0,246.27,26.0,10.0,0.089,1498.6481105241771,2024-11-10,hyderabad,Mobile,data anaytics training
A2122,data analytics course,184.0,3908.0,240.68,15.0,7.0,0.0489792299898682,1332.0,2024-11-23,hyderabad,Tablet,analytics for data
A2123,data analytics course,116.0,3380.0,196.75,23.0,9.0,0.033,1434.0,2024-11-06,hyderabad,Mobile,analytics for data
A2124,data analytics course,152.0,3948.0,189.73,17.0,5.0,0.053,1851.0,2024-11-26,hyderabad,Mobile,analytics for data
A2125,data analytics course,197.0,3741.0,210.33,24.0,9.0,0.046,1883.0,2024-11-26,hyderabad,Desktop,data analytics course
A2126,data analytics course,115.0,5836.0,233.52,21.0,6.0,0.052,1301.0,2024-11-08,hyderabad,Mobile,learn data analytics
A2127,data analytics course,192.0,3381.0,219.26,28.0,7.0,0.036,1377.0,2024-11-15,hyderabad,Mobile,online data analytic
A2128,data analytics course,88.0,5781.0,246.82,21.0,6.0,0.057,1020.0,2024-11-25,hyderabad,Tablet,data analitics online
A2129,data analytics course,134.0,4707.0,239.9,29.0,8.0,0.06,1383.0,2024-11-24,hyderabad,Mobile,learn data analytics
A2130,data analytics course,160.0,5611.0,216.65,21.0,10.0,0.047,1714.0,2024-11-30,hyderabad,Tablet,learn data analytics
A2131,data analytics course,195.0,3174.0,218.06,12.0,7.0,0.036,1476.0,2024-11-25,hyderabad,Mobile,online data analytic
A2132,data analytics course,142.0,5076.0,190.49,22.0,7.0,0.049,1509.0,2024-11-20,hyderabad,Mobile,learn data analytics
A2133,data analytics course,81.0,5942.0,236.07,15.0,7.0,0.0489792299898682,1288.0,2024-12-11,hyderabad,Desktop,online data analytic
A2134,data analytics course,138.95699356913184,4234.0,201.93,16.0,4.0,0.0489792299898682,1462.0,2024-11-25,hyderabad,Mobile,analytics for data
A2135,data analytics course,115.0,3963.0,225.32,22.0,9.0,0.078,1622.0,2024-01-11,hyderabad,Desktop,data analitics online
A2136,data analytics course,172.0,4349.0,243.53,28.0,5.0,0.049,1195.0,2024-11-13,hyderabad,Tablet,online data analytic
A2137,data analytics course,91.0,5294.0,245.21,21.0,7.0,0.0489792299898682,1227.0,2024-11-26,hyderabad,Desktop,online data analytic
A2138,data analytics course,166.0,5381.0,246.52,21.0,7.0,0.042,1579.0,2024-11-09,hyderabad,Desktop,data anaytics training
A2139,data analytics course,155.0,3052.0,199.46,13.0,6.0,0.046,1362.0,2024-11-01,hyderabad,Mobile,data anaytics training
A2140,data analytics course,127.0,4634.0,218.04,26.0,7.0,0.055,1410.0,2024-11-02,hyderabad,Tablet,learn data analytics
A2141,data analytics course,94.0,5564.0,203.88,22.0,6.0,0.064,1498.6481105241771,2024-11-14,hyderabad,Desktop,data anaytics training
A2142,data analytics course,90.0,5196.0,192.83,21.0,8.0,0.089,1783.0,2024-11-07,hyderabad,Desktop,data analytics course
A2143,data analytics course,161.0,5749.0,203.25,12.0,4.0,0.025,1498.6481105241771,2024-11-28,hyderabad,Tablet,online data analytic
A2144,data analytics course,157.0,5483.0,245.31,24.0,6.0,0.038,1498.6481105241771,2024-11-22,hyderabad,Mobile,analytics for data
A2145,data analytics course,157.0,4093.0,202.85,27.0,8.0,0.051,1370.0,2024-03-11,hyderabad,Mobile,analytics for data
A2146,data analytics course,179.0,4459.0,181.7,27.0,5.0,0.041,1320.0,2024-11-13,hyderabad,Tablet,data analitics online
A2147,data analytics course,165.0,5937.0,220.65,23.0,6.0,0.036,1576.0,2024-11-04,hyderabad,Mobile,analytics for data
A2148,data analytics course,167.0,4475.0,231.64,13.0,5.0,0.051,1750.0,2024-11-03,hyderabad,Desktop,online data analytic
A2149,data analytics course,126.0,4212.0,182.54,29.0,8.0,0.063,1066.0,2024-11-19,hyderabad,Mobile,online data analytic
A2150,data analytics course,134.0,4506.0,220.09,13.0,5.0,0.0489792299898682,1745.0,2024-11-29,hyderabad,Mobile,data analitics online
A2151,data analytics course,142.0,3147.0,190.93,13.0,5.0,0.0489792299898682,1740.0,2024-11-05,hyderabad,Mobile,learn data analytics
A2152,data analytics course,138.95699356913184,4387.0,198.93,22.0,3.0,0.0489792299898682,1629.0,2024-11-11,hyderabad,Desktop,learn data analytics
A2153,data analytics course,163.0,5948.0,184.84,12.0,3.0,0.049,1248.0,2024-11-11,hyderabad,Tablet,data anaytics training
A2154,data analytics course,171.0,4855.0,235.23,25.0,6.0,0.035,1498.6481105241771,2024-11-21,hyderabad,Desktop,data analytics course
A2155,data analytics course,97.0,4674.0,221.39,15.0,10.0,0.047,1332.0,2024-11-07,hyderabad,Tablet,data analytics course
A2156,data analytics course,176.0,3336.0,193.72,15.0,9.0,0.0489792299898682,1696.0,2024-12-11,hyderabad,Tablet,learn data analytics
A2157,data analytics course,129.0,5839.0,213.72,10.0,6.0,0.0489792299898682,1476.0,2024-11-18,hyderabad,Desktop,analytics for data
A2158,data analytics course,178.0,3943.0,217.96,29.0,6.0,0.034,1037.0,2024-11-15,hyderabad,Mobile,learn data analytics
A2159,data analytics course,111.0,3787.0,215.48,15.0,10.0,0.0489792299898682,1660.0,2024-11-14,hyderabad,Tablet,online data analytic
A2160,data analytics course,156.0,4196.0,192.96,11.0,5.0,0.0489792299898682,1504.0,2024-11-26,hyderabad,Mobile,learn data analytics
A2161,data analytics course,138.95699356913184,3408.0,193.07,20.0,5.0,0.042,1412.0,2024-11-19,hyderabad,Tablet,data analytics course
A2162,data analytics course,145.0,4982.0,203.33,29.0,5.0,0.045,1555.0,2024-11-23,hyderabad,Tablet,data anaytics training
A2163,data analytics course,156.0,5509.0,185.39,29.0,4.0,0.044,1649.0,2024-11-18,hyderabad,Mobile,data analitics online
A2164,data analytics course,127.0,3797.0,214.67,20.0,7.0,0.055,1735.0,2024-11-13,hyderabad,Desktop,analytics for data
A2165,data analytics course,121.0,5064.0,246.78,13.0,9.0,0.074,1268.0,2024-01-11,hyderabad,Tablet,online data analytic
A2166,data analytics course,98.0,4217.0,234.16,17.0,4.0,0.0489792299898682,1556.0,2024-11-11,hyderabad,Tablet,learn data analytics
A2167,data analytics course,156.0,3315.0,223.22,14.0,10.0,0.064,1581.0,2024-11-20,hyderabad,Mobile,online data analytic
A2168,data analytics course,191.0,4017.0,203.52,24.0,4.0,0.021,1498.6481105241771,2024-11-30,hyderabad,Mobile,online data analytic
A2169,data analytics course,193.0,5094.0,205.53,18.0,3.0,0.016,1451.0,2024-11-07,hyderabad,Mobile,data analitics online
A2170,data analytics course,167.0,4523.280832678712,244.62,11.0,9.0,0.0489792299898682,1465.0,2024-11-10,hyderabad,Tablet,data analitics online
A2171,data analytics course,177.0,5449.0,190.53,10.0,5.0,0.028,1257.0,2024-11-19,hyderabad,Mobile,data analytics course
A2172,data analytics course,175.0,5732.0,208.46,25.0,3.0,0.017,1579.0,2024-11-11,hyderabad,Tablet,data analitics online
A2173,data analytics course,122.0,4678.0,248.7,25.0,4.0,0.031,1744.0,2024-11-11,hyderabad,Desktop,data analytics course
A2174,data analytics course,121.0,4088.0,223.85,19.0,3.0,0.025,1248.0,2024-11-26,hyderabad,Mobile,online data analytic
A2175,data analytics course,125.0,4528.0,186.6,10.0,9.0,0.072,1167.0,2024-11-06,hyderabad,Desktop,data anaytics training
A2176,data analytics course,81.0,3946.0,202.95,10.0,7.0,0.046,1970.0,2024-11-27,hyderabad,Mobile,data anaytics training
A2177,data analytics course,112.0,4486.0,249.23,28.0,3.0,0.027,1572.0,2024-11-26,hyderabad,Desktop,analytics for data
A2178,data analytics course,152.0,5290.0,182.01,24.0,4.0,0.0489792299898682,1673.0,2024-05-11,hyderabad,Mobile,analytics for data
A2179,data analytics course,134.0,5163.0,245.4,26.0,5.0,0.047,1498.6481105241771,2024-11-14,hyderabad,Tablet,analytics for data
A2180,data analytics course,111.0,3978.0,192.14,19.0,5.0,0.045,1500.0,2024-06-11,hyderabad,Desktop,analytics for data
A2181,data analytics course,194.0,4217.0,187.34,12.0,10.0,0.052,1669.0,2024-11-07,hyderabad,Tablet,data anaytics training
A2182,data analytics course,150.0,5907.0,241.8,25.0,7.0,0.047,1430.0,2024-11-11,hyderabad,Desktop,data analitics online
A2183,data analytics course,100.0,5970.0,224.79,13.0,9.0,0.09,1895.0,2024-11-15,hyderabad,Mobile,data anaytics training
A2184,data analytics course,186.0,5142.0,236.2,18.0,4.0,0.0489792299898682,1990.0,2024-11-24,hyderabad,Tablet,data analitics online
A2185,data analytics course,130.0,3715.0,243.34,12.0,8.0,0.062,1482.0,2024-11-01,hyderabad,Desktop,data analitics online
A2186,data analytics course,158.0,4192.0,186.25,27.0,10.0,0.0489792299898682,1968.0,2024-06-11,hyderabad,Tablet,online data analytic
A2187,data analytics course,155.0,5121.0,248.16,22.0,8.0,0.052,1027.0,2024-11-06,hyderabad,Tablet,online data analytic
A2188,data analytics course,190.0,5984.0,209.35,14.0,6.0,0.032,1964.0,2024-06-11,hyderabad,Desktop,data analytics course
A2189,data analytics course,191.0,3220.0,183.33,20.0,6.0,0.051,1942.0,2024-11-28,hyderabad,Tablet,data anaytics training
A2190,data analytics course,145.0,5761.0,202.07,17.0,3.0,0.021,1037.0,2024-11-13,hyderabad,Mobile,data analitics online
A2191,data analytics course,102.0,5683.0,188.73,28.0,8.0,0.078,1623.0,2024-11-16,hyderabad,Tablet,analytics for data
A2192,data analytics course,86.0,5238.0,217.28,13.0,3.0,0.0489792299898682,1610.0,2024-11-22,hyderabad,Desktop,data analitics online
A2193,data analytics course,115.0,5116.0,227.76,24.0,3.0,0.041,1748.0,2024-11-15,hyderabad,Desktop,learn data analytics
A2194,data analytics course,83.0,4476.0,204.88,27.0,8.0,0.0489792299898682,1359.0,2024-11-02,hyderabad,Tablet,online data analytic
A2195,data analytics course,178.0,3461.0,238.96,16.0,5.0,0.028,1321.0,2024-11-16,hyderabad,Mobile,learn data analytics
A2196,data analytics course,148.0,5080.0,191.92,12.0,6.0,0.058,1070.0,2024-11-17,hyderabad,Tablet,data analytics course
A2197,data analytics course,138.95699356913184,3334.0,223.21,14.0,10.0,0.048,1317.0,2024-03-11,hyderabad,Tablet,data analytics course
A2198,data analytics course,101.0,5166.0,203.74,30.0,5.0,0.05,1763.0,2024-11-13,hyderabad,Desktop,data anaytics training
A2199,data analytics course,113.0,5642.0,245.69,19.0,7.0,0.062,1366.0,2024-11-20,hyderabad,Mobile,data anaytics training
A2200,data analytics course,97.0,5552.0,228.97,14.0,6.0,0.062,1304.0,2024-11-07,hyderabad,Desktop,analytics for data
A2201,data analytics course,155.0,3662.0,208.16,23.0,4.0,0.026,1913.0,2024-11-27,hyderabad,Desktop,online data analytic
A2202,data analytics course,109.0,5187.0,222.69,17.0,7.0,0.0489792299898682,1690.0,2024-11-23,hyderabad,Tablet,learn data analytics
A2203,data analytics course,181.0,3647.0,227.37,30.0,6.0,0.033,1412.0,2024-11-30,hyderabad,Desktop,data analytics course
A2204,data analytics course,131.0,3626.0,193.68,27.0,3.0,0.05,1498.6481105241771,2024-11-25,hyderabad,Tablet,data analitics online
A2205,data analytics course,138.95699356913184,5650.0,225.22,26.0,3.0,0.0489792299898682,1774.0,2024-02-11,hyderabad,Desktop,online data analytic
A2206,data analytics course,109.0,5219.0,215.76,15.0,3.0,0.028,1408.0,2024-11-18,hyderabad,Tablet,learn data analytics
A2207,data analytics course,191.0,3333.0,187.71,13.0,5.0,0.026,1360.0,2024-11-26,hyderabad,Desktop,learn data analytics
A2208,data analytics course,101.0,4435.0,222.49,11.0,10.0,0.099,1277.0,2024-11-21,hyderabad,Mobile,data anaytics training
A2209,data analytics course,152.0,5204.0,210.28,11.0,7.0,0.046,1498.6481105241771,2024-11-23,hyderabad,Mobile,online data analytic
A2210,data analytics course,164.0,3856.0,241.65,27.0,4.0,0.024,1786.0,2024-11-21,hyderabad,Desktop,data anaytics training
A2211,data analytics course,83.0,4143.0,203.11,23.0,10.0,0.0489792299898682,1517.0,2024-11-26,hyderabad,Mobile,learn data analytics
A2212,data analytics course,199.0,5895.0,239.59,21.0,4.0,0.02,1592.0,2024-11-30,hyderabad,Mobile,data anaytics training
A2213,data analytics course,141.0,4039.0,205.8,28.0,6.0,0.0489792299898682,1220.0,2024-11-08,hyderabad,Desktop,data analitics online
A2214,data analytics course,131.0,4773.0,215.36,26.0,7.0,0.053,1363.0,2024-11-08,hyderabad,Tablet,data analitics online
A2215,data analytics course,138.95699356913184,5360.0,229.38,30.0,7.0,0.0489792299898682,1896.0,2024-11-19,hyderabad,Tablet,learn data analytics
A2216,data analytics course,164.0,5380.0,223.15,13.0,5.0,0.047,1661.0,2024-11-23,hyderabad,Desktop,analytics for data
A2217,data analytics course,149.0,3323.0,197.76,23.0,4.0,0.027,1181.0,2024-11-17,hyderabad,Mobile,data analitics online
A2218,data analytics course,112.0,3870.0,215.05,26.0,6.0,0.054,1483.0,2024-11-03,hyderabad,Desktop,learn data analytics
A2219,data analytics course,139.0,4486.0,205.46,28.0,4.0,0.058,1853.0,2024-11-24,hyderabad,Tablet,online data analytic
A2220,data analytics course,105.0,3384.0,240.41,26.0,8.0,0.057,1399.0,2024-11-03,hyderabad,Desktop,data analitics online
A2221,data analytics course,83.0,5066.0,236.91,22.0,7.0,0.0489792299898682,1498.6481105241771,2024-11-21,hyderabad,Desktop,learn data analytics
A2222,data analytics course,127.0,5947.0,209.67,27.0,3.0,0.024,1155.0,2024-11-28,hyderabad,Desktop,learn data analytics
A2223,data analytics course,133.0,4286.0,216.16,18.0,9.0,0.054,1839.0,2024-08-11,hyderabad,Desktop,data analitics online
A2224,data analytics course,197.0,5733.0,185.09,14.0,5.0,0.025,1295.0,2024-11-05,hyderabad,Tablet,data anaytics training
A2225,data analytics course,125.0,5103.0,221.93,30.0,7.0,0.052,1398.0,2024-08-11,hyderabad,Tablet,analytics for data
A2226,data analytics course,147.0,5228.0,210.94,12.0,9.0,0.0489792299898682,1784.0,2024-11-28,hyderabad,Desktop,data anaytics training
A2227,data analytics course,153.0,3666.0,198.4,16.0,4.0,0.026,1820.0,2024-11-20,hyderabad,Mobile,learn data analytics
A2228,data analytics course,196.0,3440.0,212.98,15.0,5.0,0.026,1539.0,2024-11-26,hyderabad,Tablet,learn data analytics
A2229,data analytics course,87.0,3031.0,234.25,17.0,7.0,0.08,1167.0,2024-11-05,hyderabad,Desktop,data analitics online
A2230,data analytics course,151.0,5957.0,188.22,15.0,8.0,0.053,1468.0,2024-11-25,hyderabad,Tablet,analytics for data
A2231,data analytics course,93.0,4689.0,197.54,15.0,4.0,0.043,1073.0,2024-11-25,hyderabad,Mobile,data analitics online
A2232,data analytics course,145.0,3085.0,194.96,26.0,5.0,0.033,1673.0,2024-11-24,hyderabad,Desktop,online data analytic
A2233,data analytics course,128.0,3341.0,185.57,25.0,5.0,0.039,1516.0,2024-11-20,hyderabad,Tablet,online data analytic
A2234,data analytics course,134.0,5521.0,243.57,15.0,3.0,0.0489792299898682,1658.0,2024-11-24,hyderabad,Desktop,online data analytic
A2235,data analytics course,104.0,3696.0,206.54,28.0,7.0,0.053,1985.0,2024-11-11,hyderabad,Desktop,data anaytics training
A2236,data analytics course,177.0,3765.0,216.48,26.0,10.0,0.056,1507.0,2024-11-20,hyderabad,Tablet,data analitics online
A2237,data analytics course,94.0,5455.0,249.09,15.0,3.0,0.0489792299898682,1498.6481105241771,2024-11-14,hyderabad,Mobile,analytics for data
A2238,data analytics course,198.0,5260.0,205.53,13.0,10.0,0.051,1766.0,2024-11-12,hyderabad,Desktop,analytics for data
A2239,data analytics course,140.0,4404.0,186.01,23.0,6.0,0.059,1625.0,2024-11-09,hyderabad,Tablet,analytics for data
A2240,data analytics course,137.0,5445.0,237.51,20.0,5.0,0.0489792299898682,1904.0,2024-11-25,hyderabad,Tablet,learn data analytics
A2241,data analytics course,153.0,3068.0,215.09062325209752,25.0,8.0,0.052,1165.0,2024-11-19,hyderabad,Tablet,analytics for data
A2242,data analytics course,177.0,4523.280832678712,240.09,26.0,10.0,0.0489792299898682,1498.6481105241771,2024-11-08,hyderabad,Mobile,data anaytics training
A2243,data analytics course,100.0,4042.0,215.09062325209752,13.0,6.0,0.0489792299898682,1678.0,2024-11-18,hyderabad,Desktop,analytics for data
A2244,data analytics course,160.0,5645.0,195.42,25.0,6.0,0.031,1600.0,2024-11-16,hyderabad,Tablet,data analitics online
A2245,data analytics course,194.0,3751.0,244.34,23.0,5.0,0.026,1498.6481105241771,2024-02-11,hyderabad,Mobile,data analitics online
A2246,data analytics course,128.0,5010.0,202.34,26.0,7.0,0.055,1498.6481105241771,2024-11-16,hyderabad,Tablet,data anaytics training
A2247,data analytics course,80.0,4506.0,236.47,11.0,5.0,0.0489792299898682,1953.0,2024-11-20,hyderabad,Desktop,data analytics course
A2248,data analytics course,81.0,5843.0,209.54,10.0,9.0,0.0489792299898682,1979.0,2024-11-09,hyderabad,Tablet,data anaytics training
A2249,data analytics course,102.0,5369.0,198.39,29.0,4.0,0.039,1659.0,2024-11-19,hyderabad,Tablet,data analytics course
A2250,data analytics course,197.0,4047.0,202.72,15.0,3.0,0.015,1345.0,2024-05-11,hyderabad,Mobile,data analitics online
A2251,data analytics course,84.0,4463.0,198.44,17.0,3.0,0.036,1110.0,2024-11-02,hyderabad,Mobile,analytics for data
A2252,data analytics course,119.0,4610.0,222.7,18.0,3.0,0.025,1473.0,2024-11-18,hyderabad,Desktop,data analitics online
A2253,data analytics course,96.0,5957.0,225.59,27.0,10.0,0.104,1062.0,2024-11-21,hyderabad,Mobile,data analitics online
A2254,data analytics course,144.0,5704.0,196.67,29.0,6.0,0.042,1573.0,2024-11-29,hyderabad,Mobile,analytics for data
A2255,data analytics course,148.0,5335.0,223.36,21.0,9.0,0.061,1251.0,2024-11-20,hyderabad,Tablet,data analitics online
A2256,data analytics course,151.0,4901.0,224.29,27.0,7.0,0.0489792299898682,1425.0,2024-11-05,hyderabad,Mobile,data anaytics training
A2257,data analytics course,175.0,5392.0,187.74,17.0,9.0,0.0489792299898682,1015.0,2024-11-21,hyderabad,Tablet,data analitics online
A2258,data analytics course,189.0,3461.0,224.72,20.0,7.0,0.0489792299898682,1390.0,2024-11-21,hyderabad,Desktop,data anaytics training
A2259,data analytics course,157.0,5451.0,183.89,12.0,10.0,0.064,1180.0,2024-11-29,hyderabad,Desktop,data analytics course
A2260,data analytics course,126.0,4523.280832678712,201.56,27.0,10.0,0.079,1122.0,2024-11-21,hyderabad,Desktop,analytics for data
A2261,data analytics course,85.0,3770.0,204.04,30.0,7.0,0.0489792299898682,1238.0,2024-11-14,hyderabad,Mobile,learn data analytics
A2262,data analytics course,89.0,3573.0,193.53,24.0,10.0,0.112,1926.0,2024-11-15,hyderabad,Desktop,learn data analytics
A2263,data analytics course,152.0,4092.0,196.66,10.0,5.0,0.0489792299898682,1396.0,2024-11-11,hyderabad,Desktop,analytics for data
A2264,data analytics course,126.0,3999.0,181.58,22.0,9.0,0.071,1145.0,2024-11-27,hyderabad,Mobile,online data analytic
A2265,data analytics course,153.0,3354.0,243.13,24.0,6.0,0.039,1536.0,2024-11-10,hyderabad,Mobile,data analytics course
A2266,data analytics course,98.0,4801.0,186.52,10.0,3.0,0.031,1121.0,2024-11-07,hyderabad,Desktop,learn data analytics
A2267,data analytics course,145.0,4799.0,194.74,17.0,6.0,0.0489792299898682,1381.0,2024-07-11,hyderabad,Desktop,analytics for data
A2268,data analytics course,179.0,3753.0,220.87,23.0,6.0,0.0489792299898682,1966.0,2024-11-14,hyderabad,Tablet,data analytics course
A2269,data analytics course,108.0,4698.0,187.19,19.0,10.0,0.0489792299898682,1118.0,2024-11-15,hyderabad,Mobile,data analitics online
A2270,data analytics course,191.0,3522.0,216.65,25.0,5.0,0.026,1835.0,2024-11-24,hyderabad,Tablet,data anaytics training
A2271,data analytics course,183.0,3363.0,212.08,10.0,9.0,0.049,1511.0,2024-07-11,hyderabad,Tablet,data analitics online
A2272,data analytics course,175.0,5924.0,223.3,14.0,3.0,0.017,1505.0,2024-11-04,hyderabad,Mobile,analytics for data
A2273,data analytics course,97.0,3558.0,195.5,13.0,3.0,0.058,1544.0,2024-11-11,hyderabad,Desktop,data analytics course
A2274,data analytics course,159.0,4208.0,236.75,13.0,8.0,0.05,1849.0,2024-11-16,hyderabad,Tablet,data anaytics training
A2275,data analytics course,125.0,3607.0,224.45,22.0,9.0,0.072,1392.0,2024-02-11,hyderabad,Tablet,analytics for data
A2276,data analytics course,193.0,4523.280832678712,199.27,13.0,9.0,0.0489792299898682,1612.0,2024-08-11,hyderabad,Mobile,data analitics online
A2277,data analytics course,110.0,5220.0,233.06,16.0,4.0,0.036,1711.0,2024-11-15,hyderabad,Mobile,data anaytics training
A2278,data analytics course,83.0,5247.0,231.04,27.0,3.0,0.054,1636.0,2024-11-04,hyderabad,Desktop,data analitics online
A2279,data analytics course,166.0,5522.0,218.34,13.0,3.0,0.018,1235.0,2024-11-22,hyderabad,Desktop,online data analytic
A2280,data analytics course,108.0,3682.0,214.43,20.0,3.0,0.028,1553.0,2024-11-27,hyderabad,Desktop,learn data analytics
A2281,data analytics course,84.0,4549.0,191.96,15.0,7.0,0.0489792299898682,1303.0,2024-11-13,hyderabad,Desktop,data analytics course
A2282,data analytics course,117.0,5170.0,215.09062325209752,16.0,10.0,0.085,1498.6481105241771,2024-11-20,hyderabad,Tablet,data analitics online
A2283,data analytics course,195.0,3122.0,205.3,24.0,4.0,0.043,1326.0,2024-11-14,hyderabad,Mobile,data anaytics training
A2284,data analytics course,149.0,3650.0,220.25,17.0,3.0,0.02,1498.6481105241771,2024-11-29,hyderabad,Mobile,data analitics online
A2285,data analytics course,142.0,5436.0,237.09,14.0,7.0,0.0489792299898682,1269.0,2024-11-20,hyderabad,Tablet,online data analytic
A2286,data analytics course,98.0,5485.0,182.29,16.0,5.0,0.051,1518.0,2024-11-19,hyderabad,Desktop,learn data analytics
A2287,data analytics course,169.0,3778.0,215.09062325209752,11.0,3.0,0.018,1721.0,2024-11-14,hyderabad,Desktop,data anaytics training
A2288,data analytics course,99.0,3051.0,215.09062325209752,18.0,6.0,0.053,1762.0,2024-11-29,hyderabad,Mobile,online data analytic
A2289,data analytics course,170.0,5286.0,190.65,22.0,7.0,0.041,1110.0,2024-11-09,hyderabad,Desktop,data analitics online
A2290,data analytics course,138.95699356913184,3533.0,248.96,22.0,4.0,0.0489792299898682,1606.0,2024-05-11,hyderabad,Mobile,data anaytics training
A2291,data analytics course,156.0,5125.0,182.15,26.0,10.0,0.064,1658.0,2024-11-16,hyderabad,Mobile,data analytics course
A2292,data analytics course,91.0,4500.0,241.81,20.0,3.0,0.033,1902.0,2024-11-22,hyderabad,Mobile,data analitics online
A2293,data analytics course,140.0,4633.0,228.65,15.0,4.0,0.049,1738.0,2024-11-20,hyderabad,Mobile,data analitics online
A2294,data analytics course,142.0,3155.0,229.01,24.0,10.0,0.053,1955.0,2024-01-11,hyderabad,Mobile,learn data analytics
A2295,data analytics course,198.0,3444.0,195.91,27.0,4.0,0.056,1317.0,2024-10-11,hyderabad,Desktop,data analitics online
A2296,data analytics course,88.0,4253.0,210.5,23.0,8.0,0.051,1918.0,2024-11-11,hyderabad,Tablet,data analitics online
A2297,data analytics course,130.0,4925.0,201.1,26.0,5.0,0.0489792299898682,1301.0,2024-11-15,hyderabad,Tablet,analytics for data
A2298,data analytics course,186.0,3576.0,213.96,26.0,4.0,0.022,1689.0,2024-02-11,hyderabad,Tablet,learn data analytics
A2299,data analytics course,146.0,5831.0,203.07,19.0,5.0,0.055,1216.0,2024-11-28,hyderabad,Mobile,analytics for data
A2300,data analytics course,199.0,5147.0,203.08,27.0,10.0,0.05,1126.0,2024-11-30,hyderabad,Tablet,data analytics course
A2301,data analytics course,94.0,4242.0,208.78,14.0,5.0,0.053,1122.0,2024-11-17,hyderabad,Tablet,learn data analytics
A2302,data analytics course,119.0,5530.0,205.75,25.0,9.0,0.0489792299898682,1725.0,2024-11-14,hyderabad,Mobile,analytics for data
A2303,data analytics course,168.0,4614.0,241.24,28.0,9.0,0.0489792299898682,1307.0,2024-11-01,hyderabad,Mobile,online data analytic
A2304,data analytics course,117.0,5016.0,249.38,10.0,9.0,0.077,1832.0,2024-02-11,hyderabad,Tablet,learn data analytics
A2305,data analytics course,156.0,5072.0,249.37,18.0,3.0,0.058,1701.0,2024-11-12,hyderabad,Mobile,learn data analytics
A2306,data analytics course,151.0,4805.0,241.95,22.0,3.0,0.056,1571.0,2024-11-03,hyderabad,Tablet,online data analytic
A2307,data analytics course,133.0,4474.0,198.99,10.0,7.0,0.0489792299898682,1394.0,2024-11-03,hyderabad,Mobile,online data analytic
A2308,data analytics course,105.0,5151.0,188.18,14.0,9.0,0.032,1595.0,2024-11-03,hyderabad,Tablet,online data analytic
A2309,data analytics course,98.0,4515.0,219.39,12.0,7.0,0.0489792299898682,1805.0,2024-11-07,hyderabad,Desktop,learn data analytics
A2310,data analytics course,93.0,4269.0,247.76,21.0,8.0,0.086,1543.0,2024-11-19,hyderabad,Tablet,learn data analytics
A2311,data analytics course,165.0,3759.0,231.62,23.0,7.0,0.0489792299898682,1052.0,2024-11-28,hyderabad,Mobile,analytics for data
A2312,data analytics course,156.0,4476.0,186.68,17.0,10.0,0.033,1372.0,2024-11-13,hyderabad,Tablet,analytics for data
A2313,data analytics course,166.0,5749.0,236.52,11.0,5.0,0.036,1780.0,2024-11-15,hyderabad,Desktop,analytics for data
A2314,data analytics course,134.0,5166.0,191.92,10.0,3.0,0.037,1526.0,2024-11-04,hyderabad,Mobile,learn data analytics
A2315,data analytics course,103.0,3687.0,194.73,27.0,4.0,0.0489792299898682,1347.0,2024-11-15,hyderabad,Tablet,learn data analytics
A2316,data analytics course,95.0,4939.0,219.43,26.0,3.0,0.032,1785.0,2024-07-11,hyderabad,Mobile,data anaytics training
A2317,data analytics course,155.0,3180.0,229.63,15.0,8.0,0.052,1832.0,2024-11-15,hyderabad,Desktop,data analytics course
A2318,data analytics course,184.0,3981.0,193.25,16.0,3.0,0.035,1359.0,2024-11-30,hyderabad,Tablet,learn data analytics
A2319,data analytics course,186.0,3392.0,218.16,29.0,7.0,0.038,1012.0,2024-08-11,hyderabad,Desktop,analytics for data
A2320,data analytics course,93.0,3160.0,220.75,30.0,8.0,0.086,1472.0,2024-11-08,hyderabad,Desktop,data analitics online
A2321,data analytics course,138.0,4699.0,202.54,26.0,9.0,0.065,1133.0,2024-11-25,hyderabad,Tablet,online data analytic
A2322,data analytics course,96.0,3730.0,217.61,16.0,4.0,0.042,1283.0,2024-11-07,hyderabad,Desktop,analytics for data
A2323,data analytics course,127.0,5221.0,226.67,17.0,3.0,0.0489792299898682,1384.0,2024-11-03,hyderabad,Tablet,data anaytics training
A2324,data analytics course,92.0,3299.0,188.58,11.0,9.0,0.098,1678.0,2024-11-27,hyderabad,Desktop,data analitics online
A2325,data analytics course,156.0,5634.0,247.45,16.0,5.0,0.032,1925.0,2024-08-11,hyderabad,Tablet,data analytics course
A2326,data analytics course,113.0,5991.0,211.28,16.0,3.0,0.027,1499.0,2024-11-16,hyderabad,Tablet,learn data analytics
A2327,data analytics course,84.0,3917.0,233.19,13.0,10.0,0.049,1498.6481105241771,2024-11-11,hyderabad,Desktop,data analytics course
A2328,data analytics course,189.0,5335.0,181.46,27.0,9.0,0.048,1734.0,2024-08-11,hyderabad,Mobile,online data analytic
A2329,data analytics course,149.0,4550.0,219.44,11.0,9.0,0.06,1659.0,2024-11-16,hyderabad,Tablet,online data analytic
A2330,data analytics course,100.0,5805.0,181.27,15.0,4.0,0.04,1195.0,2024-04-11,hyderabad,Desktop,learn data analytics
A2331,data analytics course,105.0,5156.0,201.01,25.0,10.0,0.0489792299898682,1472.0,2024-11-11,hyderabad,Desktop,analytics for data
A2332,data analytics course,86.0,5060.0,249.4,15.0,4.0,0.047,1761.0,2024-11-15,hyderabad,Tablet,data analitics online
A2333,data analytics course,93.0,5178.0,245.13,14.0,5.0,0.054,1080.0,2024-11-08,hyderabad,Mobile,data analitics online
A2334,data analytics course,180.0,3076.0,227.91,12.0,10.0,0.056,1498.6481105241771,2024-05-11,hyderabad,Desktop,online data analytic
A2335,data analytics course,156.0,3218.0,235.69,28.0,6.0,0.038,1289.0,2024-11-16,hyderabad,Tablet,data analitics online
A2336,data analytics course,124.0,4682.0,207.53,20.0,3.0,0.033,1550.0,2024-11-03,hyderabad,Tablet,online data analytic
A2337,data analytics course,177.0,3592.0,205.25,29.0,9.0,0.051,1271.0,2024-11-15,hyderabad,Desktop,data anaytics training
A2338,data analytics course,156.0,3506.0,242.9,13.0,7.0,0.0489792299898682,1208.0,2024-11-01,hyderabad,Desktop,analytics for data
A2339,data analytics course,132.0,3562.0,238.34,23.0,4.0,0.03,1033.0,2024-11-29,hyderabad,Tablet,data analytics course
A2340,data analytics course,178.0,4523.280832678712,203.6,12.0,3.0,0.017,1155.0,2024-11-02,hyderabad,Tablet,analytics for data
A2341,data analytics course,153.0,3953.0,237.56,20.0,6.0,0.053,1388.0,2024-11-26,hyderabad,Tablet,learn data analytics
A2342,data analytics course,187.0,4891.0,223.99,14.0,8.0,0.043,1014.0,2024-11-26,hyderabad,Mobile,online data analytic
A2343,data analytics course,155.0,4976.0,183.21,10.0,5.0,0.053,1554.0,2024-11-13,hyderabad,Tablet,online data analytic
A2344,data analytics course,90.0,5781.0,200.71,28.0,5.0,0.046,1498.6481105241771,2024-07-11,hyderabad,Mobile,data analitics online
A2345,data analytics course,172.0,3001.0,210.62,14.0,4.0,0.023,1192.0,2024-11-25,hyderabad,Tablet,data analitics online
A2346,data analytics course,92.0,5728.0,224.5,14.0,9.0,0.098,1876.0,2024-11-26,hyderabad,Tablet,online data analytic
A2347,data analytics course,162.0,5103.0,188.15,13.0,9.0,0.056,1264.0,2024-11-28,hyderabad,Mobile,analytics for data
A2348,data analytics course,193.0,3131.0,198.1,22.0,5.0,0.035,1870.0,2024-11-19,hyderabad,Tablet,data analytics course
A2349,data analytics course,138.95699356913184,3547.0,238.34,13.0,5.0,0.0489792299898682,1130.0,2024-11-02,hyderabad,Desktop,data analitics online
A2350,data analytics course,185.0,4070.0,200.95,21.0,5.0,0.027,1503.0,2024-11-07,hyderabad,Mobile,online data analytic
A2351,data analytics course,117.0,3350.0,243.68,23.0,5.0,0.056,1204.0,2024-11-14,hyderabad,Desktop,analytics for data
A2352,data analytics course,123.0,4976.0,244.49,14.0,4.0,0.033,1579.0,2024-11-02,hyderabad,Desktop,analytics for data
A2353,data analytics course,181.0,5612.0,203.66,17.0,3.0,0.017,1498.6481105241771,2024-07-11,hyderabad,Tablet,data anaytics training
A2354,data analytics course,118.0,4390.0,214.04,24.0,8.0,0.068,1071.0,2024-11-18,hyderabad,Tablet,analytics for data
A2355,data analytics course,82.0,3698.0,229.12,30.0,9.0,0.11,1246.0,2024-11-20,hyderabad,Mobile,learn data analytics
A2356,data analytics course,175.0,4295.0,195.17,18.0,6.0,0.0489792299898682,1939.0,2024-11-27,hyderabad,Tablet,data analitics online
A2357,data analytics course,130.0,3332.0,202.06,14.0,5.0,0.038,1184.0,2024-11-14,hyderabad,Desktop,online data analytic
A2358,data analytics course,92.0,4082.0,186.29,25.0,5.0,0.054,1046.0,2024-11-24,hyderabad,Tablet,online data analytic
A2359,data analytics course,159.0,4464.0,204.86,27.0,3.0,0.0489792299898682,1963.0,2024-11-20,hyderabad,Tablet,analytics for data
A2360,data analytics course,193.0,5263.0,240.5,18.0,6.0,0.054,1670.0,2024-11-21,hyderabad,Tablet,online data analytic
A2361,data analytics course,98.0,4371.0,246.23,25.0,7.0,0.071,1114.0,2024-11-14,hyderabad,Tablet,analytics for data
A2362,data analytics course,176.0,3657.0,209.44,19.0,3.0,0.017,1171.0,2024-11-07,hyderabad,Desktop,online data analytic
A2363,data analytics course,182.0,5833.0,243.72,20.0,5.0,0.027,1206.0,2024-11-14,hyderabad,Desktop,data analytics course
A2364,data analytics course,85.0,3077.0,200.16,11.0,10.0,0.118,1876.0,2024-11-23,hyderabad,Mobile,analytics for data
A2365,data analytics course,98.0,3646.0,239.05,14.0,6.0,0.034,1586.0,2024-11-14,hyderabad,Desktop,data analytics course
A2366,data analytics course,160.0,3139.0,230.55,28.0,5.0,0.031,1449.0,2024-11-15,hyderabad,Desktop,analytics for data
A2367,data analytics course,179.0,4005.0,232.47,16.0,10.0,0.056,1553.0,2024-11-24,hyderabad,Desktop,analytics for data
A2368,data analytics course,138.95699356913184,4315.0,196.3,24.0,5.0,0.0489792299898682,1364.0,2024-11-26,hyderabad,Mobile,data analytics course
A2369,data analytics course,195.0,3876.0,187.59,28.0,3.0,0.0489792299898682,1828.0,2024-11-21,hyderabad,Mobile,data analytics course
A2370,data analytics course,197.0,3174.0,215.09062325209752,22.0,7.0,0.036,1527.0,2024-11-14,hyderabad,Tablet,data analitics online
A2371,data analytics course,92.0,5550.0,226.38,28.0,8.0,0.087,1322.0,2024-11-21,hyderabad,Tablet,learn data analytics
A2372,data analytics course,90.0,3526.0,211.39,10.0,3.0,0.037,1395.0,2024-11-20,hyderabad,Desktop,online data analytic
A2373,data analytics course,149.0,3192.0,215.09062325209752,24.0,4.0,0.038,1708.0,2024-11-14,hyderabad,Tablet,online data analytic
A2374,data analytics course,82.0,4132.0,247.13,11.0,6.0,0.073,1091.0,2024-11-12,hyderabad,Tablet,data anaytics training
A2375,data analytics course,151.0,5826.0,226.53,16.0,8.0,0.053,1511.0,2024-11-25,hyderabad,Desktop,learn data analytics
A2376,data analytics course,162.0,5997.0,240.29,20.0,5.0,0.035,1144.0,2024-11-24,hyderabad,Mobile,data analitics online
A2377,data analytics course,197.0,4541.0,243.81,19.0,9.0,0.057,1701.0,2024-11-11,hyderabad,Desktop,data anaytics training
A2378,data analytics course,133.0,4642.0,184.52,22.0,4.0,0.032,1074.0,2024-11-14,hyderabad,Desktop,online data analytic
A2379,data analytics course,194.0,5509.0,235.45,18.0,5.0,0.0489792299898682,1025.0,2024-11-12,hyderabad,Tablet,online data analytic
A2380,data analytics course,169.0,3647.0,194.12,12.0,6.0,0.036,1697.0,2024-11-22,hyderabad,Desktop,learn data analytics
A2381,data analytics course,149.0,5209.0,183.91,18.0,10.0,0.0489792299898682,1799.0,2024-11-29,hyderabad,Desktop,learn data analytics
A2382,data analytics course,124.0,5980.0,200.65,25.0,4.0,0.032,1768.0,2024-11-04,hyderabad,Desktop,learn data analytics
A2383,data analytics course,170.0,5443.0,235.99,23.0,5.0,0.0489792299898682,1314.0,2024-11-21,hyderabad,Mobile,analytics for data
A2384,data analytics course,127.0,5326.0,226.11,18.0,10.0,0.04,1040.0,2024-11-21,hyderabad,Mobile,online data analytic
A2385,data analytics course,114.0,5565.0,210.04,16.0,4.0,0.035,1800.0,2024-11-07,hyderabad,Desktop,data anaytics training
A2386,data analytics course,154.0,3312.0,203.23,16.0,5.0,0.042,1977.0,2024-11-04,hyderabad,Desktop,data anaytics training
A2387,data analytics course,138.95699356913184,4369.0,225.53,28.0,4.0,0.0489792299898682,1241.0,2024-11-23,hyderabad,Tablet,data analitics online
A2388,data analytics course,126.0,3570.0,214.78,28.0,9.0,0.071,1078.0,2024-12-11,hyderabad,Tablet,data anaytics training
A2389,data analytics course,138.95699356913184,3883.0,225.89,23.0,5.0,0.0489792299898682,1183.0,2024-11-21,hyderabad,Mobile,online data analytic
A2390,data analytics course,125.0,5736.0,197.28,30.0,5.0,0.04,1265.0,2024-11-18,hyderabad,Mobile,analytics for data
A2391,data analytics course,197.0,5921.0,214.97,18.0,6.0,0.03,1975.0,2024-11-14,hyderabad,Desktop,learn data analytics
A2392,data analytics course,98.0,3687.0,206.7,12.0,10.0,0.0489792299898682,1640.0,2024-11-07,hyderabad,Mobile,online data analytic
A2393,data analytics course,164.0,5334.0,203.91,18.0,6.0,0.057,1128.0,2024-11-18,hyderabad,Desktop,data analytics course
A2394,data analytics course,111.0,4647.0,247.0,15.0,4.0,0.0489792299898682,1601.0,2024-11-29,hyderabad,Desktop,learn data analytics
A2395,data analytics course,191.0,3485.0,212.43,10.0,7.0,0.0489792299898682,1813.0,2024-11-28,hyderabad,Mobile,analytics for data
A2396,data analytics course,149.0,5720.0,211.54,14.0,5.0,0.034,1612.0,2024-11-29,hyderabad,Desktop,data analytics course
A2397,data analytics course,183.0,3540.0,222.14,15.0,3.0,0.016,1248.0,2024-11-11,hyderabad,Mobile,learn data analytics
A2398,data analytics course,198.0,4035.0,215.94,22.0,8.0,0.0489792299898682,1498.6481105241771,2024-10-11,hyderabad,Mobile,learn data analytics
A2399,data analytics course,170.0,3024.0,234.76,11.0,10.0,0.0489792299898682,1941.0,2024-06-11,hyderabad,Mobile,learn data analytics
A2400,data analytics course,174.0,4334.0,186.29,12.0,4.0,0.023,1457.0,2024-11-22,hyderabad,Mobile,analytics for data
A2401,data analytics course,91.0,4038.0,197.15,23.0,6.0,0.066,1000.0,2024-11-29,hyderabad,Mobile,data analitics online
A2402,data analytics course,197.0,4347.0,215.2,20.0,6.0,0.0489792299898682,1204.0,2024-11-26,hyderabad,Desktop,online data analytic
A2403,data analytics course,138.95699356913184,5803.0,203.03,16.0,8.0,0.034,1397.0,2024-11-30,hyderabad,Mobile,analytics for data
A2404,data analytics course,152.0,4182.0,233.45,19.0,5.0,0.033,1719.0,2024-11-13,hyderabad,Mobile,data analytics course
A2405,data analytics course,189.0,4809.0,225.32,27.0,10.0,0.053,1324.0,2024-11-18,hyderabad,Mobile,analytics for data
A2406,data analytics course,138.95699356913184,5640.0,210.51,13.0,8.0,0.0489792299898682,1536.0,2024-11-11,hyderabad,Desktop,data analytics course
A2407,data analytics course,159.0,3401.0,222.71,18.0,3.0,0.019,1849.0,2024-11-05,hyderabad,Desktop,data analitics online
A2408,data analytics course,175.0,5561.0,231.96,20.0,8.0,0.057,1174.0,2024-11-14,hyderabad,Mobile,data analytics course
A2409,data analytics course,175.0,5720.0,243.8,17.0,6.0,0.0489792299898682,1498.6481105241771,2024-11-26,hyderabad,Desktop,data analitics online
A2410,data analytics course,82.0,4898.0,215.11,25.0,8.0,0.098,1776.0,2024-09-11,hyderabad,Tablet,analytics for data
A2411,data analytics course,146.0,5871.0,218.69,30.0,4.0,0.0489792299898682,1498.6481105241771,2024-11-22,hyderabad,Desktop,learn data analytics
A2412,data analytics course,85.0,5954.0,201.88,18.0,6.0,0.071,1526.0,2024-11-27,hyderabad,Tablet,analytics for data
A2413,data analytics course,128.0,3487.0,236.19,25.0,6.0,0.047,1961.0,2024-02-11,hyderabad,Tablet,data analytics course
A2414,data analytics course,153.0,3808.0,189.61,19.0,8.0,0.052,1246.0,2024-02-11,hyderabad,Tablet,data analytics course
A2415,data analytics course,192.0,5720.0,243.11,30.0,9.0,0.0489792299898682,1555.0,2024-11-02,hyderabad,Mobile,online data analytic
A2416,data analytics course,148.0,4721.0,189.48,26.0,8.0,0.054,1176.0,2024-11-01,hyderabad,Mobile,online data analytic
A2417,data analytics course,153.0,4768.0,214.39,25.0,5.0,0.041,1837.0,2024-11-26,hyderabad,Tablet,data analitics online
A2418,data analytics course,138.95699356913184,5494.0,187.68,23.0,8.0,0.046,1402.0,2024-11-24,hyderabad,Tablet,data analytics course
A2419,data analytics course,169.0,4523.280832678712,180.58,30.0,7.0,0.049,1661.0,2024-11-26,hyderabad,Mobile,data anaytics training
A2420,data analytics course,146.0,5173.0,234.26,20.0,7.0,0.048,1089.0,2024-11-28,hyderabad,Mobile,online data analytic
A2421,data analytics course,81.0,4808.0,189.19,17.0,9.0,0.111,1759.0,2024-11-25,hyderabad,Desktop,online data analytic
A2422,data analytics course,185.0,4523.280832678712,234.72,18.0,6.0,0.032,1508.0,2024-11-27,hyderabad,Desktop,data analitics online
A2423,data analytics course,90.0,5319.0,208.19,13.0,7.0,0.0489792299898682,1719.0,2024-11-26,hyderabad,Tablet,data anaytics training
A2424,data analytics course,155.0,4532.0,203.44,19.0,8.0,0.052,1709.0,2024-11-17,hyderabad,Desktop,learn data analytics
A2425,data analytics course,125.0,3458.0,180.49,19.0,3.0,0.0489792299898682,1754.0,2024-11-09,hyderabad,Tablet,data analitics online
A2426,data analytics course,151.0,5432.0,204.76,18.0,9.0,0.06,1498.6481105241771,2024-11-13,hyderabad,Mobile,data anaytics training
A2427,data analytics course,82.0,3052.0,211.11,12.0,3.0,0.037,1917.0,2024-11-06,hyderabad,Desktop,learn data analytics
A2428,data analytics course,198.0,5718.0,194.37,13.0,8.0,0.04,1118.0,2024-11-16,hyderabad,Tablet,data anaytics training
A2429,data analytics course,115.0,4762.0,241.63,20.0,8.0,0.058,1555.0,2024-03-11,hyderabad,Desktop,data analytics course
A2430,data analytics course,158.0,4953.0,243.07,20.0,8.0,0.051,1955.0,2024-11-04,hyderabad,Tablet,learn data analytics
A2431,data analytics course,102.0,3784.0,219.45,13.0,9.0,0.045,1967.0,2024-11-20,hyderabad,Desktop,data analytics course
A2432,data analytics course,93.0,4523.280832678712,192.81,22.0,7.0,0.075,1726.0,2024-11-18,hyderabad,Desktop,learn data analytics
A2433,data analytics course,198.0,5860.0,185.25,24.0,9.0,0.041,1950.0,2024-11-01,hyderabad,Tablet,data anaytics training
A2434,data analytics course,174.0,4169.0,189.36,23.0,8.0,0.046,1110.0,2024-11-14,hyderabad,Tablet,data analytics course
A2435,data analytics course,193.0,5831.0,215.09062325209752,24.0,5.0,0.0489792299898682,1265.0,2024-11-14,hyderabad,Mobile,online data analytic
A2436,data analytics course,117.0,5269.0,196.1,26.0,7.0,0.0489792299898682,1096.0,2024-05-11,hyderabad,Desktop,online data analytic
A2437,data analytics course,147.0,5793.0,240.32,25.0,5.0,0.049,1645.0,2024-11-27,hyderabad,Tablet,data analytics course
A2438,data analytics course,179.0,3338.0,218.33,30.0,7.0,0.039,1498.6481105241771,2024-11-24,hyderabad,Desktop,data analitics online
A2439,data analytics course,194.0,4297.0,237.87,22.0,3.0,0.0489792299898682,1739.0,2024-11-29,hyderabad,Desktop,data analytics course
A2440,data analytics course,112.0,3961.0,214.45,13.0,7.0,0.0489792299898682,1594.0,2024-11-17,hyderabad,Desktop,analytics for data
A2441,data analytics course,88.0,5063.0,195.2,22.0,3.0,0.034,1460.0,2024-11-20,hyderabad,Mobile,analytics for data
A2442,data analytics course,172.0,5635.0,200.16,21.0,7.0,0.036,1727.0,2024-11-14,hyderabad,Mobile,data analitics online
A2443,data analytics course,81.0,4404.0,239.62,11.0,4.0,0.035,1814.0,2024-11-21,hyderabad,Mobile,data analytics course
A2444,data analytics course,142.0,4312.0,213.54,21.0,7.0,0.049,1666.0,2024-11-20,hyderabad,Desktop,learn data analytics
A2445,data analytics course,111.0,3302.0,193.18,30.0,10.0,0.0489792299898682,1783.0,2024-11-19,hyderabad,Mobile,analytics for data
A2446,data analytics course,81.0,3575.0,192.71,27.0,4.0,0.049,1158.0,2024-11-11,hyderabad,Tablet,online data analytic
A2447,data analytics course,112.0,5055.0,213.36,26.0,5.0,0.058,1959.0,2024-11-29,hyderabad,Desktop,data anaytics training
A2448,data analytics course,101.0,5415.0,236.41,13.0,10.0,0.039,1832.0,2024-11-15,hyderabad,Tablet,learn data analytics
A2449,data analytics course,166.0,3118.0,212.46,25.0,7.0,0.042,1813.0,2024-11-14,hyderabad,Tablet,online data analytic
A2450,data analytics course,138.95699356913184,5271.0,215.09062325209752,14.0,8.0,0.0489792299898682,1629.0,2024-11-22,hyderabad,Mobile,data analitics online
A2451,data analytics course,148.0,4523.280832678712,214.26,21.0,8.0,0.0489792299898682,1629.0,2024-11-13,hyderabad,Tablet,data analitics online
A2452,data analytics course,126.0,5250.0,239.73,30.0,4.0,0.032,1070.0,2024-11-23,hyderabad,Tablet,analytics for data
A2453,data analytics course,119.0,4405.0,233.66,25.0,3.0,0.039,1407.0,2024-12-11,hyderabad,Desktop,data analytics course
A2454,data analytics course,189.0,5060.0,236.54,26.0,7.0,0.043,1877.0,2024-11-10,hyderabad,Mobile,data anaytics training
A2455,data analytics course,167.0,3296.0,246.85,29.0,8.0,0.048,1723.0,2024-11-17,hyderabad,Desktop,data analitics online
A2456,data analytics course,198.0,3499.0,209.74,30.0,9.0,0.04,1893.0,2024-11-25,hyderabad,Desktop,data analytics course
A2457,data analytics course,95.0,3449.0,184.55,10.0,10.0,0.041,1601.0,2024-11-16,hyderabad,Mobile,analytics for data
A2458,data analytics course,181.0,3738.0,206.61,16.0,9.0,0.05,1868.0,2024-11-09,hyderabad,Mobile,online data analytic
A2459,data analytics course,105.0,4236.0,180.2,12.0,7.0,0.067,1498.6481105241771,2024-11-24,hyderabad,Mobile,learn data analytics
A2460,data analytics course,178.0,5751.0,205.34,24.0,10.0,0.0489792299898682,1903.0,2024-11-20,hyderabad,Desktop,data analytics course
A2461,data analytics course,127.0,5050.0,184.77,28.0,9.0,0.071,1906.0,2024-11-02,hyderabad,Desktop,data analitics online
A2462,data analytics course,198.0,4773.0,202.54,17.0,10.0,0.0489792299898682,1082.0,2024-11-19,hyderabad,Mobile,data analitics online
A2463,data analytics course,86.0,5652.0,249.13,25.0,7.0,0.081,1981.0,2024-06-11,hyderabad,Mobile,data anaytics training
A2464,data analytics course,138.95699356913184,5085.0,182.42,11.0,7.0,0.0489792299898682,1109.0,2024-04-11,hyderabad,Desktop,online data analytic
A2465,data analytics course,191.0,5070.0,247.41,12.0,4.0,0.0489792299898682,1266.0,2024-11-25,hyderabad,Mobile,analytics for data
A2466,data analytics course,139.0,5879.0,197.9,24.0,4.0,0.029,1476.0,2024-11-05,hyderabad,Mobile,data analytics course
A2467,data analytics course,197.0,3620.0,235.19,18.0,7.0,0.036,1740.0,2024-11-01,hyderabad,Mobile,online data analytic
A2468,data analytics course,116.0,4250.0,216.66,10.0,9.0,0.078,1877.0,2024-11-02,hyderabad,Mobile,data anaytics training
A2469,data analytics course,192.0,4850.0,235.42,22.0,10.0,0.052,1124.0,2024-11-14,hyderabad,Desktop,analytics for data
A2470,data analytics course,118.0,3815.0,185.78,16.0,4.0,0.0489792299898682,1093.0,2024-11-17,hyderabad,Desktop,data analitics online
A2471,data analytics course,172.0,5741.0,198.44,14.0,4.0,0.023,1755.0,2024-11-11,hyderabad,Desktop,analytics for data
A2472,data analytics course,174.0,4272.0,240.77,16.0,7.0,0.041,1004.0,2024-11-23,hyderabad,Desktop,learn data analytics
A2473,data analytics course,175.0,4974.0,182.22,21.0,5.0,0.0489792299898682,1300.0,2024-11-23,hyderabad,Mobile,learn data analytics
A2474,data analytics course,138.95699356913184,3215.0,191.22,30.0,7.0,0.0489792299898682,1588.0,2024-11-23,hyderabad,Desktop,analytics for data
A2475,data analytics course,138.95699356913184,3723.0,201.32,21.0,8.0,0.0489792299898682,1498.6481105241771,2024-06-11,hyderabad,Tablet,data analytics course
A2476,data analytics course,103.0,4670.0,203.4,21.0,4.0,0.0489792299898682,1562.0,2024-11-25,hyderabad,Mobile,analytics for data
A2477,data analytics course,187.0,4474.0,182.47,10.0,7.0,0.0489792299898682,1768.0,2024-11-13,hyderabad,Tablet,online data analytic
A2478,data analytics course,138.95699356913184,3009.0,195.17,24.0,6.0,0.0489792299898682,1083.0,2024-11-23,hyderabad,Tablet,data analitics online
A2479,data analytics course,109.0,3933.0,189.73,11.0,4.0,0.0489792299898682,1700.0,2024-07-11,hyderabad,Desktop,data analitics online
A2480,data analytics course,118.0,4360.0,232.09,10.0,9.0,0.076,1252.0,2024-11-13,hyderabad,Desktop,data anaytics training
A2481,data analytics course,164.0,5120.0,185.69,10.0,5.0,0.031,1597.0,2024-11-23,hyderabad,Tablet,analytics for data
A2482,data analytics course,166.0,3887.0,192.0,24.0,9.0,0.054,1890.0,2024-11-13,hyderabad,Tablet,data analytics course
A2483,data analytics course,88.0,3909.0,189.57,30.0,10.0,0.114,1750.0,2024-11-29,hyderabad,Desktop,data anaytics training
A2484,data analytics course,125.0,3017.0,232.51,14.0,7.0,0.0489792299898682,1510.0,2024-11-08,hyderabad,Tablet,data anaytics training
A2485,data analytics course,138.95699356913184,5127.0,206.95,26.0,5.0,0.0489792299898682,1902.0,2024-11-17,hyderabad,Desktop,online data analytic
A2486,data analytics course,151.0,3992.0,212.42,10.0,9.0,0.06,1890.0,2024-11-26,hyderabad,Tablet,learn data analytics
A2487,data analytics course,182.0,3554.0,181.74,18.0,4.0,0.022,1933.0,2024-02-11,hyderabad,Tablet,learn data analytics
A2488,data analytics course,84.0,4051.0,196.83,21.0,4.0,0.048,1094.0,2024-11-14,hyderabad,Mobile,online data analytic
A2489,data analytics course,127.0,3541.0,239.47,16.0,10.0,0.079,1474.0,2024-11-25,hyderabad,Tablet,data anaytics training
A2490,data analytics course,104.0,5878.0,228.79,21.0,3.0,0.05,1101.0,2024-05-11,hyderabad,Mobile,data analytics course
A2491,data analytics course,161.0,4611.0,228.34,26.0,7.0,0.043,1473.0,2024-11-25,hyderabad,Tablet,data analitics online
A2492,data analytics course,141.0,4764.0,187.72,28.0,4.0,0.028,1428.0,2024-11-16,hyderabad,Mobile,analytics for data
A2493,data analytics course,186.0,4603.0,191.84,26.0,9.0,0.047,1918.0,2024-11-07,hyderabad,Desktop,learn data analytics
A2494,data analytics course,138.95699356913184,5003.0,195.4,15.0,7.0,0.0489792299898682,1273.0,2024-11-18,hyderabad,Desktop,data anaytics training
A2495,data analytics course,124.0,5212.0,190.83,13.0,6.0,0.048,1399.0,2024-11-07,hyderabad,Desktop,data analytics course
A2496,data analytics course,97.0,5285.0,249.65,12.0,7.0,0.051,1411.0,2024-11-27,hyderabad,Desktop,data anaytics training
A2497,data analytics course,111.0,3177.0,224.51,18.0,8.0,0.0489792299898682,1946.0,2024-11-25,hyderabad,Desktop,learn data analytics
A2498,data analytics course,93.0,5571.0,185.71,12.0,7.0,0.075,1630.0,2024-11-21,hyderabad,Tablet,online data analytic
A2499,data analytics course,92.0,3237.0,245.48,15.0,6.0,0.065,1498.6481105241771,2024-11-19,hyderabad,Desktop,data analitics online
A2500,data analytics course,138.0,5314.0,198.39,17.0,10.0,0.072,1250.0,2024-11-20,hyderabad,Desktop,online data analytic
A2501,data analytics course,129.0,4452.0,196.06,10.0,9.0,0.053,1069.0,2024-11-13,hyderabad,Tablet,learn data analytics
A2502,data analytics course,183.0,3920.0,235.79,20.0,7.0,0.038,1238.0,2024-11-17,hyderabad,Mobile,data anaytics training
A2503,data analytics course,154.0,4603.0,214.0,20.0,3.0,0.019,1709.0,2024-11-18,hyderabad,Tablet,data analytics course
A2504,data analytics course,95.0,4938.0,204.5,12.0,6.0,0.046,1494.0,2024-11-18,hyderabad,Tablet,data anaytics training
A2505,data analytics course,173.0,5291.0,215.09062325209752,23.0,8.0,0.0489792299898682,1557.0,2024-11-13,hyderabad,Mobile,data analitics online
A2506,data analytics course,112.0,4072.0,211.56,17.0,10.0,0.089,1229.0,2024-01-11,hyderabad,Desktop,analytics for data
A2507,data analytics course,170.0,5953.0,186.11,25.0,8.0,0.0489792299898682,1080.0,2024-11-26,hyderabad,Mobile,data analitics online
A2508,data analytics course,96.0,4523.280832678712,232.87,24.0,10.0,0.053,1162.0,2024-11-14,hyderabad,Mobile,learn data analytics
A2509,data analytics course,113.0,3104.0,230.92,28.0,9.0,0.08,1422.0,2024-11-27,hyderabad,Tablet,data analytics course
A2510,data analytics course,145.0,4882.0,217.25,22.0,3.0,0.021,1814.0,2024-11-19,hyderabad,Mobile,analytics for data
A2511,data analytics course,83.0,3212.0,243.86,25.0,4.0,0.048,1612.0,2024-11-19,hyderabad,Mobile,data analytics course
A2512,data analytics course,90.0,4973.0,181.04,23.0,5.0,0.056,1039.0,2024-03-11,hyderabad,Desktop,online data analytic
A2513,data analytics course,140.0,5227.0,222.57,27.0,3.0,0.021,1527.0,2024-11-18,hyderabad,Desktop,learn data analytics
A2514,data analytics course,111.0,5434.0,181.05,10.0,5.0,0.045,1627.0,2024-11-23,hyderabad,Mobile,data anaytics training
A2515,data analytics course,105.0,3300.0,180.25,22.0,10.0,0.095,1640.0,2024-11-21,hyderabad,Mobile,online data analytic
A2516,data analytics course,181.0,4857.0,215.59,13.0,8.0,0.044,1883.0,2024-11-23,hyderabad,Desktop,learn data analytics
A2517,data analytics course,189.0,4019.0,248.09,16.0,6.0,0.045,1378.0,2024-11-30,hyderabad,Tablet,online data analytic
A2518,data analytics course,138.0,5495.0,220.69,19.0,5.0,0.036,1624.0,2024-04-11,hyderabad,Tablet,online data analytic
A2519,data analytics course,178.0,5218.0,208.92,20.0,7.0,0.039,1714.0,2024-11-25,hyderabad,Mobile,analytics for data
A2520,data analytics course,155.0,5996.0,247.54,15.0,5.0,0.032,1883.0,2024-11-27,hyderabad,Mobile,analytics for data
A2521,data analytics course,168.0,4932.0,198.95,16.0,7.0,0.052,1301.0,2024-11-19,hyderabad,Desktop,data anaytics training
A2522,data analytics course,152.0,4498.0,233.81,30.0,6.0,0.039,1090.0,2024-11-25,hyderabad,Desktop,data analitics online
A2523,data analytics course,111.0,4164.0,191.04,18.0,9.0,0.0489792299898682,1687.0,2024-11-21,hyderabad,Tablet,data anaytics training
A2524,data analytics course,141.0,4329.0,230.44,14.0,6.0,0.043,1610.0,2024-07-11,hyderabad,Mobile,learn data analytics
A2525,data analytics course,97.0,5764.0,246.15,30.0,7.0,0.0489792299898682,1345.0,2024-11-18,hyderabad,Mobile,analytics for data
A2526,data analytics course,82.0,5430.0,205.46,18.0,5.0,0.061,1435.0,2024-11-30,hyderabad,Mobile,online data analytic
A2527,data analytics course,164.0,5179.0,206.72,18.0,9.0,0.055,1213.0,2024-11-27,hyderabad,Tablet,data analytics course
A2528,data analytics course,109.0,5707.0,246.86,22.0,4.0,0.034,1980.0,2024-11-19,hyderabad,Tablet,data analitics online
A2529,data analytics course,126.0,3263.0,237.54,24.0,9.0,0.0489792299898682,1364.0,2024-11-17,hyderabad,Mobile,data analitics online
A2530,data analytics course,175.0,5718.0,225.4,19.0,6.0,0.057,1001.0,2024-12-11,hyderabad,Tablet,analytics for data
A2531,data analytics course,96.0,5075.0,221.28,25.0,3.0,0.038,1937.0,2024-11-23,hyderabad,Desktop,learn data analytics
A2532,data analytics course,113.0,4473.0,202.3,17.0,5.0,0.044,1049.0,2024-11-08,hyderabad,Tablet,online data analytic
A2533,data analytics course,96.0,3979.0,232.44,27.0,7.0,0.0489792299898682,1140.0,2024-11-30,hyderabad,Mobile,learn data analytics
A2534,data analytics course,162.0,5688.0,190.31,17.0,5.0,0.031,1556.0,2024-11-25,hyderabad,Tablet,data analytics course
A2535,data analytics course,125.0,3546.0,234.02,23.0,10.0,0.0489792299898682,1072.0,2024-11-27,hyderabad,Desktop,analytics for data
A2536,data analytics course,89.0,4188.0,206.71,16.0,4.0,0.045,1382.0,2024-11-01,hyderabad,Tablet,online data analytic
A2537,data analytics course,99.0,4134.0,234.04,18.0,3.0,0.03,1683.0,2024-11-30,hyderabad,Desktop,learn data analytics
A2538,data analytics course,91.0,4710.0,199.18,21.0,9.0,0.099,1431.0,2024-11-10,hyderabad,Tablet,data analytics course
A2539,data analytics course,141.0,4654.0,192.19,21.0,6.0,0.043,1932.0,2024-11-25,hyderabad,Mobile,analytics for data
A2540,data analytics course,110.0,5509.0,245.38,13.0,8.0,0.048,1539.0,2024-11-10,hyderabad,Mobile,learn data analytics
A2541,data analytics course,96.0,3091.0,187.57,11.0,7.0,0.0489792299898682,1737.0,2024-10-11,hyderabad,Tablet,data analytics course
A2542,data analytics course,85.0,4653.0,196.73,23.0,6.0,0.071,1032.0,2024-11-13,hyderabad,Mobile,data analytics course
A2543,data analytics course,151.0,5389.0,227.07,18.0,10.0,0.057,1318.0,2024-11-20,hyderabad,Desktop,data anaytics training
A2544,data analytics course,139.0,5290.0,208.43,28.0,4.0,0.051,1022.0,2024-11-20,hyderabad,Tablet,data analitics online
A2545,data analytics course,120.0,3060.0,197.96,24.0,8.0,0.067,1679.0,2024-11-23,hyderabad,Tablet,analytics for data
A2546,data analytics course,109.0,4444.0,219.46,12.0,9.0,0.083,1159.0,2024-11-28,hyderabad,Mobile,data anaytics training
A2547,data analytics course,145.0,3509.0,181.11,19.0,10.0,0.048,1627.0,2024-11-22,hyderabad,Mobile,online data analytic
A2548,data analytics course,151.0,4675.0,183.02,14.0,7.0,0.046,1000.0,2024-11-10,hyderabad,Mobile,analytics for data
A2549,data analytics course,108.0,5869.0,226.93,16.0,7.0,0.065,1633.0,2024-03-11,hyderabad,Desktop,analytics for data
A2550,data analytics course,166.0,3992.0,205.9,15.0,8.0,0.048,1899.0,2024-11-05,hyderabad,Desktop,analytics for data
A2551,data analytics course,134.0,4172.0,191.8,26.0,5.0,0.037,1170.0,2024-11-18,hyderabad,Tablet,online data analytic
A2552,data analytics course,104.0,5926.0,224.63,17.0,8.0,0.0489792299898682,1239.0,2024-11-24,hyderabad,Mobile,learn data analytics
A2553,data analytics course,138.95699356913184,5785.0,195.39,15.0,10.0,0.0489792299898682,1296.0,2024-11-25,hyderabad,Tablet,analytics for data
A2554,data analytics course,160.0,5664.0,210.58,16.0,9.0,0.0489792299898682,1836.0,2024-11-07,hyderabad,Mobile,data anaytics training
A2555,data analytics course,147.0,5930.0,248.18,22.0,10.0,0.068,1743.0,2024-11-15,hyderabad,Desktop,analytics for data
A2556,data analytics course,196.0,3656.0,240.44,15.0,6.0,0.052,1894.0,2024-03-11,hyderabad,Tablet,analytics for data
A2557,data analytics course,159.0,5078.0,182.57,30.0,8.0,0.05,1541.0,2024-11-09,hyderabad,Mobile,data analytics course
A2558,data analytics course,104.0,5257.0,220.44,17.0,7.0,0.052,1462.0,2024-11-27,hyderabad,Mobile,data analitics online
A2559,data analytics course,135.0,5582.0,209.14,28.0,5.0,0.037,1912.0,2024-11-25,hyderabad,Tablet,online data analytic
A2560,data analytics course,92.0,3097.0,232.27,21.0,7.0,0.0489792299898682,1905.0,2024-11-14,hyderabad,Desktop,analytics for data
A2561,data analytics course,136.0,3657.0,236.19,12.0,5.0,0.037,1425.0,2024-11-06,hyderabad,Mobile,online data analytic
A2562,data analytics course,135.0,3198.0,227.48,24.0,6.0,0.044,1882.0,2024-11-09,hyderabad,Desktop,online data analytic
A2563,data analytics course,91.0,5017.0,239.34,15.0,5.0,0.055,1498.6481105241771,2024-02-11,hyderabad,Tablet,analytics for data
A2564,data analytics course,181.0,5343.0,244.02,30.0,9.0,0.038,1639.0,2024-11-26,hyderabad,Mobile,learn data analytics
A2565,data analytics course,138.95699356913184,4896.0,207.51,17.0,7.0,0.0489792299898682,1498.6481105241771,2024-11-11,hyderabad,Mobile,data analitics online
A2566,data analytics course,80.0,5756.0,205.38,16.0,4.0,0.05,1778.0,2024-11-20,hyderabad,Desktop,online data analytic
A2567,data analytics course,155.0,5696.0,236.44,13.0,3.0,0.019,1207.0,2024-11-23,hyderabad,Mobile,data analitics online
A2568,data analytics course,114.0,5683.0,214.42,20.0,8.0,0.07,1474.0,2024-11-08,hyderabad,Mobile,learn data analytics
A2569,data analytics course,98.0,4669.0,205.72,16.0,6.0,0.061,1767.0,2024-11-30,hyderabad,Desktop,analytics for data
A2570,data analytics course,125.0,3807.0,234.92,11.0,6.0,0.048,1498.6481105241771,2024-11-29,hyderabad,Mobile,online data analytic
A2571,data analytics course,160.0,3163.0,238.95,20.0,8.0,0.05,1569.0,2024-11-26,hyderabad,Desktop,online data analytic
A2572,data analytics course,175.0,3732.0,231.25,16.0,10.0,0.057,1014.0,2024-11-15,hyderabad,Mobile,learn data analytics
A2573,data analytics course,123.0,3860.0,224.63,24.0,8.0,0.065,1800.0,2024-11-15,hyderabad,Desktop,analytics for data
A2574,data analytics course,106.0,3196.0,212.12,15.0,6.0,0.0489792299898682,1314.0,2024-11-23,hyderabad,Tablet,analytics for data
A2575,data analytics course,138.95699356913184,3322.0,205.85,24.0,4.0,0.0489792299898682,1031.0,2024-09-11,hyderabad,Tablet,data anaytics training
A2576,data analytics course,185.0,5121.0,215.46,12.0,9.0,0.049,1724.0,2024-02-11,hyderabad,Mobile,data analytics course
A2577,data analytics course,139.0,5610.0,239.44,17.0,6.0,0.043,1548.0,2024-11-14,hyderabad,Tablet,online data analytic
A2578,data analytics course,174.0,3890.0,186.04,28.0,7.0,0.04,1793.0,2024-11-21,hyderabad,Tablet,online data analytic
A2579,data analytics course,157.0,4671.0,248.17,14.0,7.0,0.045,1247.0,2024-11-03,hyderabad,Mobile,data anaytics training
A2580,data analytics course,160.0,5438.0,197.5,16.0,6.0,0.037,1752.0,2024-03-11,hyderabad,Tablet,data analytics course
A2581,data analytics course,198.0,4726.0,185.13,14.0,7.0,0.0489792299898682,1580.0,2024-11-17,hyderabad,Tablet,learn data analytics
A2582,data analytics course,144.0,5301.0,195.83,12.0,3.0,0.0489792299898682,1654.0,2024-11-27,hyderabad,Tablet,data analitics online
A2583,data analytics course,187.0,3722.0,182.43,27.0,7.0,0.037,1613.0,2024-11-20,hyderabad,Mobile,data anaytics training
A2584,data analytics course,139.0,3944.0,215.09062325209752,29.0,3.0,0.022,1863.0,2024-11-04,hyderabad,Tablet,analytics for data
A2585,data analytics course,194.0,5123.0,180.01,27.0,5.0,0.036,1978.0,2024-05-11,hyderabad,Mobile,learn data analytics
A2586,data analytics course,157.0,4127.0,200.44,30.0,8.0,0.058,1044.0,2024-11-15,hyderabad,Desktop,data anaytics training
A2587,data analytics course,112.0,4944.0,233.83,19.0,4.0,0.036,1296.0,2024-11-27,hyderabad,Tablet,data anaytics training
A2588,data analytics course,82.0,4534.0,203.89,10.0,6.0,0.073,1589.0,2024-11-26,hyderabad,Tablet,online data analytic
A2589,data analytics course,152.0,5894.0,219.23,14.0,5.0,0.033,1641.0,2024-11-13,hyderabad,Mobile,data anaytics training
A2590,data analytics course,81.0,5545.0,212.89,11.0,5.0,0.062,1818.0,2024-11-15,hyderabad,Mobile,data analitics online
A2591,data analytics course,84.0,5573.0,215.09062325209752,23.0,6.0,0.071,1656.0,2024-11-12,hyderabad,Desktop,online data analytic
A2592,data analytics course,117.0,3039.0,223.72,27.0,8.0,0.068,1340.0,2024-11-14,hyderabad,Mobile,data anaytics training
A2593,data analytics course,82.0,3556.0,215.09062325209752,16.0,5.0,0.061,1331.0,2024-11-17,hyderabad,Mobile,data analitics online
A2594,data analytics course,192.0,4920.0,192.15,18.0,10.0,0.052,1665.0,2024-11-09,hyderabad,Mobile,data analitics online
A2595,data analytics course,131.0,3187.0,234.53,24.0,10.0,0.0489792299898682,1656.0,2024-07-11,hyderabad,Mobile,data analytics course
A2596,data analytics course,177.0,3238.0,189.61,29.0,7.0,0.05,1925.0,2024-11-27,hyderabad,Tablet,data analitics online
A2597,data analytics course,138.95699356913184,4523.280832678712,182.66,22.0,10.0,0.0489792299898682,1482.0,2024-11-24,hyderabad,Desktop,learn data analytics
A2598,data analytics course,147.0,4507.0,190.42,27.0,8.0,0.054,1073.0,2024-11-05,hyderabad,Desktop,learn data analytics
A2599,data analytics course,143.0,3606.0,200.29,24.0,3.0,0.035,1550.0,2024-11-20,hyderabad,Mobile,learn data analytics
A2600,data analytics course,138.95699356913184,3355.0,186.9,20.0,4.0,0.0489792299898682,1524.0,2024-11-10,hyderabad,Mobile,online data analytic
A2601,data analytics course,160.0,3711.0,214.41,10.0,6.0,0.037,1550.0,2024-11-07,hyderabad,Mobile,analytics for data
A2602,data analytics course,172.0,4841.0,234.94,28.0,8.0,0.0489792299898682,1258.0,2024-11-12,hyderabad,Desktop,analytics for data
A2603,data analytics course,95.0,5411.0,182.58,13.0,4.0,0.042,1111.0,2024-11-30,hyderabad,Tablet,data anaytics training
A2604,data analytics course,111.0,3520.0,237.4,13.0,3.0,0.027,1395.0,2024-11-19,hyderabad,Mobile,online data analytic
A2605,data analytics course,171.0,3460.0,184.14,27.0,9.0,0.053,1565.0,2024-11-16,hyderabad,Tablet,data analitics online
A2606,data analytics course,145.0,5875.0,221.0,14.0,7.0,0.048,1230.0,2024-11-24,hyderabad,Desktop,learn data analytics
A2607,data analytics course,118.0,3404.0,183.15,27.0,7.0,0.059,1489.0,2024-11-21,hyderabad,Tablet,learn data analytics
A2608,data analytics course,171.0,3567.0,233.32,27.0,4.0,0.0489792299898682,1271.0,2024-11-05,hyderabad,Desktop,analytics for data
A2609,data analytics course,108.0,3628.0,185.68,24.0,8.0,0.074,1682.0,2024-11-19,hyderabad,Tablet,learn data analytics
A2610,data analytics course,100.0,4994.0,206.32,21.0,7.0,0.04,1673.0,2024-11-20,hyderabad,Tablet,learn data analytics
A2611,data analytics course,138.0,5758.0,193.53,14.0,4.0,0.029,1902.0,2024-11-15,hyderabad,Tablet,analytics for data
A2612,data analytics course,88.0,3382.0,198.62,25.0,9.0,0.102,1599.0,2024-10-11,hyderabad,Desktop,data anaytics training
A2613,data analytics course,125.0,3652.0,186.61,29.0,10.0,0.08,1017.0,2024-11-29,hyderabad,Mobile,learn data analytics
A2614,data analytics course,169.0,4120.0,215.75,27.0,5.0,0.03,1362.0,2024-11-19,hyderabad,Mobile,analytics for data
A2615,data analytics course,169.0,3142.0,236.79,18.0,7.0,0.041,1498.6481105241771,2024-11-06,hyderabad,Mobile,data analitics online
A2616,data analytics course,149.0,5726.0,235.72,17.0,7.0,0.047,1902.0,2024-11-11,hyderabad,Mobile,data analitics online
A2617,data analytics course,99.0,5938.0,183.49,30.0,3.0,0.03,1487.0,2024-11-18,hyderabad,Mobile,data analitics online
A2618,data analytics course,177.0,3567.0,214.71,28.0,5.0,0.028,1001.0,2024-11-11,hyderabad,Tablet,analytics for data
A2619,data analytics course,189.0,3215.0,224.53,23.0,7.0,0.052,1309.0,2024-11-15,hyderabad,Desktop,online data analytic
A2620,data analytics course,94.0,5094.0,215.09062325209752,24.0,3.0,0.0489792299898682,1974.0,2024-09-11,hyderabad,Desktop,online data analytic
A2621,data analytics course,191.0,3337.0,231.0,29.0,6.0,0.031,1424.0,2024-11-18,hyderabad,Tablet,data analytics course
A2622,data analytics course,83.0,4359.0,227.14,24.0,10.0,0.12,1498.6481105241771,2024-11-02,hyderabad,Desktop,data analitics online
A2623,data analytics course,148.0,4813.0,212.78,12.0,7.0,0.0489792299898682,1833.0,2024-11-23,hyderabad,Mobile,online data analytic
A2624,data analytics course,125.0,4300.0,221.37,16.0,10.0,0.08,1066.0,2024-11-27,hyderabad,Tablet,data analytics course
A2625,data analytics course,105.0,4094.0,183.47,11.0,6.0,0.0489792299898682,1817.0,2024-11-25,hyderabad,Mobile,online data analytic
A2626,data analytics course,84.0,4263.0,234.62,29.0,9.0,0.107,1599.0,2024-11-18,hyderabad,Mobile,learn data analytics
A2627,data analytics course,114.0,3472.0,242.89,16.0,10.0,0.0489792299898682,1642.0,2024-11-28,hyderabad,Tablet,analytics for data
A2628,data analytics course,129.0,4411.0,180.17,28.0,5.0,0.039,1173.0,2024-10-11,hyderabad,Desktop,data analitics online
A2629,data analytics course,128.0,4787.0,204.29,24.0,7.0,0.059,1880.0,2024-11-29,hyderabad,Desktop,data anaytics training
A2630,data analytics course,120.0,5915.0,241.95,26.0,3.0,0.0489792299898682,1253.0,2024-11-25,hyderabad,Desktop,analytics for data
A2631,data analytics course,99.0,4111.0,192.09,14.0,5.0,0.0489792299898682,1497.0,2024-11-19,hyderabad,Mobile,analytics for data
A2632,data analytics course,180.0,3305.0,187.59,14.0,10.0,0.056,1498.6481105241771,2024-11-19,hyderabad,Desktop,data analitics online
A2633,data analytics course,154.0,3510.0,211.16,26.0,10.0,0.065,1167.0,2024-11-14,hyderabad,Tablet,online data analytic
A2634,data analytics course,89.0,3265.0,234.51,29.0,8.0,0.09,1498.6481105241771,2024-11-28,hyderabad,Tablet,data analytics course
A2635,data analytics course,136.0,5977.0,249.89,15.0,9.0,0.066,1477.0,2024-11-28,hyderabad,Tablet,analytics for data
A2636,data analytics course,177.0,5409.0,181.75,19.0,4.0,0.0489792299898682,1793.0,2024-03-11,hyderabad,Tablet,data analytics course
A2637,data analytics course,145.0,5523.0,215.09062325209752,10.0,7.0,0.0489792299898682,1668.0,2024-11-19,hyderabad,Mobile,data anaytics training
A2638,data analytics course,152.0,5421.0,248.08,16.0,6.0,0.035,1752.0,2024-11-27,hyderabad,Mobile,analytics for data
A2639,data analytics course,187.0,5181.0,227.15,18.0,10.0,0.0489792299898682,1516.0,2024-11-25,hyderabad,Tablet,data anaytics training
A2640,data analytics course,91.0,5484.0,198.25,16.0,6.0,0.066,1981.0,2024-11-20,hyderabad,Mobile,data anaytics training
A2641,data analytics course,180.0,5545.0,238.85,30.0,10.0,0.056,1971.0,2024-11-24,hyderabad,Desktop,data analytics course
A2642,data analytics course,122.0,4295.0,215.09062325209752,24.0,6.0,0.049,1349.0,2024-11-10,hyderabad,Desktop,data analytics course
A2643,data analytics course,138.95699356913184,4314.0,194.56,21.0,9.0,0.0489792299898682,1211.0,2024-11-09,hyderabad,Tablet,data anaytics training
A2644,data analytics course,157.0,4111.0,208.46,27.0,8.0,0.0489792299898682,1187.0,2024-11-05,hyderabad,Tablet,data anaytics training
A2645,data analytics course,178.0,5640.0,195.8,25.0,4.0,0.022,1807.0,2024-11-22,hyderabad,Mobile,data analitics online
A2646,data analytics course,94.0,3805.0,198.19,12.0,8.0,0.085,1523.0,2024-11-10,hyderabad,Tablet,data analytics course
A2647,data analytics course,130.0,4561.0,196.04,25.0,9.0,0.069,1388.0,2024-11-18,hyderabad,Desktop,analytics for data
A2648,data analytics course,169.0,5865.0,200.36,19.0,5.0,0.03,1482.0,2024-11-30,hyderabad,Mobile,online data analytic
A2649,data analytics course,176.0,5275.0,241.12,14.0,8.0,0.0489792299898682,1995.0,2024-11-15,hyderabad,Mobile,data analitics online
A2650,data analytics course,143.0,4964.0,207.66,21.0,10.0,0.07,1619.0,2024-11-13,hyderabad,Tablet,analytics for data
A2651,data analytics course,153.0,5292.0,225.98,21.0,9.0,0.059,1223.0,2024-11-10,hyderabad,Mobile,data analytics course
A2652,data analytics course,96.0,5568.0,210.99,19.0,10.0,0.104,1317.0,2024-11-21,hyderabad,Desktop,learn data analytics
A2653,data analytics course,96.0,4849.0,198.41,13.0,5.0,0.052,1198.0,2024-11-27,hyderabad,Mobile,online data analytic
A2654,data analytics course,172.0,4128.0,215.09062325209752,12.0,7.0,0.041,1070.0,2024-11-17,hyderabad,Tablet,learn data analytics
A2655,data analytics course,197.0,4645.0,219.15,24.0,5.0,0.025,1911.0,2024-11-30,hyderabad,Mobile,online data analytic
A2656,data analytics course,191.0,5706.0,249.69,25.0,6.0,0.031,1821.0,2024-11-16,hyderabad,Desktop,data analitics online
A2657,data analytics course,167.0,3438.0,235.2,10.0,7.0,0.0489792299898682,1229.0,2024-11-17,hyderabad,Desktop,data analitics online
A2658,data analytics course,191.0,3610.0,217.44,27.0,6.0,0.031,1890.0,2024-11-23,hyderabad,Tablet,analytics for data
A2659,data analytics course,90.0,3828.0,238.12,21.0,6.0,0.06,1505.0,2024-11-21,hyderabad,Desktop,data analitics online
A2660,data analytics course,115.0,5431.0,180.5,24.0,7.0,0.061,1995.0,2024-11-15,hyderabad,Desktop,data analytics course
A2661,data analytics course,188.0,4300.0,226.13,28.0,7.0,0.0489792299898682,1185.0,2024-11-14,hyderabad,Mobile,online data analytic
A2662,data analytics course,173.0,3829.0,221.28,29.0,4.0,0.023,1417.0,2024-11-25,hyderabad,Desktop,learn data analytics
A2663,data analytics course,107.0,4165.0,192.18,21.0,10.0,0.093,1754.0,2024-11-29,hyderabad,Mobile,learn data analytics
A2664,data analytics course,171.0,5953.0,230.37,14.0,7.0,0.048,1436.0,2024-11-17,hyderabad,Tablet,analytics for data
A2665,data analytics course,87.0,4836.0,242.0,12.0,7.0,0.0489792299898682,1665.0,2024-11-15,hyderabad,Desktop,learn data analytics
A2666,data analytics course,199.0,3717.0,226.84,27.0,3.0,0.037,1449.0,2024-11-25,hyderabad,Mobile,data anaytics training
A2667,data analytics course,195.0,5190.0,231.62,24.0,3.0,0.0489792299898682,1429.0,2024-12-11,hyderabad,Tablet,data analytics course
A2668,data analytics course,97.0,3921.0,232.83,11.0,9.0,0.036,1886.0,2024-11-16,hyderabad,Tablet,analytics for data
A2669,data analytics course,184.0,3824.0,200.99,26.0,6.0,0.0489792299898682,1023.0,2024-11-26,hyderabad,Mobile,data analitics online
A2670,data analytics course,168.0,5414.0,221.78,19.0,8.0,0.048,1715.0,2024-11-29,hyderabad,Mobile,data anaytics training
A2671,data analytics course,128.0,3984.0,222.78,26.0,4.0,0.0489792299898682,1786.0,2024-11-14,hyderabad,Desktop,data analitics online
A2672,data analytics course,117.0,4716.0,213.86,26.0,4.0,0.0489792299898682,1498.6481105241771,2024-11-27,hyderabad,Mobile,online data analytic
A2673,data analytics course,142.0,5265.0,183.15,19.0,9.0,0.047,1173.0,2024-11-07,hyderabad,Desktop,online data analytic
A2674,data analytics course,194.0,5273.0,201.59,15.0,10.0,0.0489792299898682,1018.0,2024-11-06,hyderabad,Mobile,data analitics online
A2675,data analytics course,141.0,5656.0,193.58,20.0,6.0,0.043,1953.0,2024-11-26,hyderabad,Desktop,data analytics course
A2676,data analytics course,137.0,3149.0,195.06,17.0,6.0,0.046,1718.0,2024-11-08,hyderabad,Tablet,analytics for data
A2677,data analytics course,162.0,5799.0,196.39,27.0,8.0,0.049,1498.6481105241771,2024-11-13,hyderabad,Tablet,data analitics online
A2678,data analytics course,151.0,3487.0,187.0,30.0,6.0,0.04,1529.0,2024-11-13,hyderabad,Mobile,online data analytic
A2679,data analytics course,87.0,4140.0,209.82,17.0,7.0,0.08,1151.0,2024-11-23,hyderabad,Tablet,online data analytic
A2680,data analytics course,183.0,5659.0,191.88,12.0,7.0,0.038,1830.0,2024-11-10,hyderabad,Mobile,analytics for data
A2681,data analytics course,120.0,3629.0,197.43,12.0,7.0,0.053,1522.0,2024-11-23,hyderabad,Desktop,data anaytics training
A2682,data analytics course,187.0,5531.0,219.88,10.0,5.0,0.05,1807.0,2024-11-13,hyderabad,Tablet,analytics for data
A2683,data analytics course,121.0,5275.0,234.88,23.0,4.0,0.033,1766.0,2024-05-11,hyderabad,Desktop,data analitics online
A2684,data analytics course,173.0,3190.0,226.32,13.0,7.0,0.0489792299898682,1884.0,2024-11-27,hyderabad,Mobile,online data analytic
A2685,data analytics course,165.0,5406.0,237.32,23.0,10.0,0.0489792299898682,1002.0,2024-11-25,hyderabad,Tablet,data analytics course
A2686,data analytics course,192.0,3755.0,218.14,28.0,3.0,0.016,1121.0,2024-11-30,hyderabad,Mobile,online data analytic
A2687,data analytics course,193.0,4497.0,248.41,24.0,9.0,0.047,1025.0,2024-11-06,hyderabad,Desktop,learn data analytics
A2688,data analytics course,138.0,5904.0,197.08,26.0,8.0,0.058,1698.0,2024-11-19,hyderabad,Desktop,learn data analytics
A2689,data analytics course,104.0,4212.0,215.09062325209752,15.0,6.0,0.0489792299898682,1108.0,2024-11-30,hyderabad,Desktop,data anaytics training
A2690,data analytics course,162.0,5979.0,190.69,30.0,6.0,0.043,1976.0,2024-11-23,hyderabad,Tablet,learn data analytics
A2691,data analytics course,115.0,4950.0,241.85,19.0,9.0,0.078,1343.0,2024-11-16,hyderabad,Tablet,online data analytic
A2692,data analytics course,104.0,3405.0,227.36,28.0,8.0,0.05,1970.0,2024-11-27,hyderabad,Mobile,data analytics course
A2693,data analytics course,168.0,4523.280832678712,196.79,22.0,8.0,0.051,1666.0,2024-11-23,hyderabad,Tablet,learn data analytics
A2694,data analytics course,146.0,4624.0,212.67,19.0,9.0,0.0489792299898682,1513.0,2024-11-09,hyderabad,Mobile,data analytics course
A2695,data analytics course,82.0,5241.0,191.23,28.0,9.0,0.11,1369.0,2024-03-11,hyderabad,Desktop,data analytics course
A2696,data analytics course,138.95699356913184,5947.0,206.33,14.0,9.0,0.047,1188.0,2024-11-24,hyderabad,Tablet,analytics for data
A2697,data analytics course,142.0,3246.0,249.27,11.0,8.0,0.0489792299898682,1667.0,2024-11-05,hyderabad,Mobile,data analitics online
A2698,data analytics course,198.0,5858.0,232.94,17.0,8.0,0.04,1903.0,2024-11-22,hyderabad,Desktop,analytics for data
A2699,data analytics course,119.0,5159.0,227.36,22.0,10.0,0.084,1448.0,2024-11-16,hyderabad,Mobile,data anaytics training
A2700,data analytics course,109.0,4002.0,203.96,14.0,3.0,0.0489792299898682,1430.0,2024-02-11,hyderabad,Mobile,data analytics course
A2701,data analytics course,87.0,3068.0,243.15,11.0,6.0,0.069,1356.0,2024-11-23,hyderabad,Tablet,online data analytic
A2702,data analytics course,110.0,4907.0,247.48,12.0,10.0,0.091,1205.0,2024-11-26,hyderabad,Desktop,data anaytics training
A2703,data analytics course,92.0,5680.0,224.6,15.0,7.0,0.076,1498.6481105241771,2024-11-26,hyderabad,Desktop,online data analytic
A2704,data analytics course,85.0,3909.0,189.9,12.0,3.0,0.035,1216.0,2024-11-14,hyderabad,Tablet,online data analytic
A2705,data analytics course,199.0,3060.0,237.3,19.0,9.0,0.045,1527.0,2024-11-04,hyderabad,Mobile,data analitics online
A2706,data analytics course,148.0,4558.0,249.74,18.0,8.0,0.054,1554.0,2024-11-01,hyderabad,Desktop,data analytics course
A2707,data analytics course,173.0,5992.0,230.26,11.0,5.0,0.029,1683.0,2024-08-11,hyderabad,Mobile,data anaytics training
A2708,data analytics course,84.0,5069.0,192.08,25.0,3.0,0.036,1738.0,2024-11-11,hyderabad,Desktop,online data analytic
A2709,data analytics course,82.0,4340.0,186.61,17.0,3.0,0.037,1092.0,2024-07-11,hyderabad,Desktop,data anaytics training
A2710,data analytics course,147.0,5139.0,245.93,29.0,8.0,0.033,1853.0,2024-10-11,hyderabad,Mobile,data analytics course
A2711,data analytics course,186.0,4679.0,241.7,19.0,9.0,0.0489792299898682,1333.0,2024-07-11,hyderabad,Tablet,online data analytic
A2712,data analytics course,143.0,4232.0,207.76,30.0,8.0,0.0489792299898682,1644.0,2024-11-18,hyderabad,Tablet,data analitics online
A2713,data analytics course,133.0,5580.0,248.11,17.0,5.0,0.038,1111.0,2024-11-26,hyderabad,Tablet,data analytics course
A2714,data analytics course,187.0,3972.0,226.62,24.0,7.0,0.037,1011.0,2024-11-04,hyderabad,Desktop,data anaytics training
A2715,data analytics course,121.0,5205.0,181.81,24.0,5.0,0.037,1555.0,2024-11-08,hyderabad,Tablet,data analitics online
A2716,data analytics course,188.0,4521.0,214.58,24.0,3.0,0.016,1855.0,2024-11-19,hyderabad,Tablet,data analytics course
A2717,data analytics course,115.0,3924.0,214.52,16.0,7.0,0.04,1312.0,2024-04-11,hyderabad,Desktop,online data analytic
A2718,data analytics course,138.95699356913184,3319.0,230.39,28.0,4.0,0.0489792299898682,1533.0,2024-11-19,hyderabad,Tablet,analytics for data
A2719,data analytics course,190.0,5141.0,225.14,15.0,10.0,0.053,1761.0,2024-11-21,hyderabad,Desktop,learn data analytics
A2720,data analytics course,92.0,5952.0,192.35,30.0,4.0,0.043,1335.0,2024-08-11,hyderabad,Mobile,data analitics online
A2721,data analytics course,107.0,4523.280832678712,227.88,23.0,8.0,0.075,1844.0,2024-11-08,hyderabad,Desktop,online data analytic
A2722,data analytics course,138.95699356913184,3794.0,225.38,13.0,7.0,0.0489792299898682,1401.0,2024-11-23,hyderabad,Mobile,data analitics online
A2723,data analytics course,186.0,4523.280832678712,185.55,11.0,5.0,0.027,1903.0,2024-11-16,hyderabad,Tablet,data analytics course
A2724,data analytics course,129.0,3454.0,223.14,17.0,8.0,0.034,1391.0,2024-01-11,hyderabad,Tablet,analytics for data
A2725,data analytics course,162.0,3071.0,231.99,29.0,9.0,0.0489792299898682,1603.0,2024-11-18,hyderabad,Tablet,online data analytic
A2726,data analytics course,177.0,5954.0,206.76,13.0,4.0,0.06,1104.0,2024-11-14,hyderabad,Tablet,learn data analytics
A2727,data analytics course,93.0,3473.0,207.92,30.0,9.0,0.0489792299898682,1780.0,2024-11-08,hyderabad,Desktop,data analytics course
A2728,data analytics course,117.0,4341.0,212.29,19.0,8.0,0.068,1399.0,2024-11-21,hyderabad,Desktop,learn data analytics
A2729,data analytics course,120.0,3310.0,247.65,15.0,3.0,0.0489792299898682,1584.0,2024-11-21,hyderabad,Mobile,online data analytic
A2730,data analytics course,81.0,3694.0,183.52,17.0,3.0,0.0489792299898682,1156.0,2024-11-22,hyderabad,Mobile,online data analytic
A2731,data analytics course,91.0,3576.0,243.02,28.0,8.0,0.088,1567.0,2024-11-25,hyderabad,Mobile,data anaytics training
A2732,data analytics course,167.0,4856.0,232.1,18.0,7.0,0.042,1476.0,2024-11-07,hyderabad,Desktop,analytics for data
A2733,data analytics course,175.0,5484.0,186.91,14.0,3.0,0.031,1728.0,2024-11-18,hyderabad,Desktop,analytics for data
A2734,data analytics course,121.0,3633.0,190.82,16.0,5.0,0.041,1157.0,2024-11-16,hyderabad,Tablet,data analitics online
A2735,data analytics course,85.0,4523.280832678712,190.32,13.0,9.0,0.106,1301.0,2024-11-07,hyderabad,Desktop,data analitics online
A2736,data analytics course,176.0,4474.0,215.93,28.0,9.0,0.035,1214.0,2024-11-30,hyderabad,Mobile,data analitics online
A2737,data analytics course,174.0,5282.0,240.85,10.0,4.0,0.0489792299898682,1481.0,2024-11-26,hyderabad,Tablet,data analytics course
A2738,data analytics course,180.0,3778.0,214.66,28.0,4.0,0.0489792299898682,1733.0,2024-11-14,hyderabad,Desktop,data analytics course
A2739,data analytics course,156.0,3361.0,183.12,29.0,9.0,0.058,1241.0,2024-11-10,hyderabad,Desktop,data analitics online
A2740,data analytics course,138.95699356913184,5877.0,223.87,21.0,9.0,0.0489792299898682,1866.0,2024-11-28,hyderabad,Mobile,analytics for data
A2741,data analytics course,161.0,5656.0,237.69,12.0,4.0,0.056,1262.0,2024-11-29,hyderabad,Mobile,online data analytic
A2742,data analytics course,87.0,3061.0,192.29,15.0,6.0,0.069,1506.0,2024-11-20,hyderabad,Tablet,data analitics online
A2743,data analytics course,126.0,4569.0,204.13,10.0,4.0,0.032,1037.0,2024-03-11,hyderabad,Tablet,learn data analytics
A2744,data analytics course,151.0,5067.0,199.12,13.0,5.0,0.055,1669.0,2024-11-27,hyderabad,Mobile,data anaytics training
A2745,data analytics course,85.0,5612.0,245.87,12.0,7.0,0.082,1124.0,2024-11-16,hyderabad,Mobile,learn data analytics
A2746,data analytics course,104.0,4627.0,200.98,28.0,6.0,0.058,1815.0,2024-11-16,hyderabad,Tablet,data anaytics training
A2747,data analytics course,103.0,4264.0,214.56,27.0,4.0,0.039,1804.0,2024-11-11,hyderabad,Desktop,learn data analytics
A2748,data analytics course,162.0,5815.0,198.49,11.0,7.0,0.048,1468.0,2024-11-23,hyderabad,Tablet,data analytics course
A2749,data analytics course,161.0,3597.0,218.35,29.0,6.0,0.039,1840.0,2024-06-11,hyderabad,Tablet,data analytics course
A2750,data analytics course,83.0,5973.0,224.06,25.0,9.0,0.108,1197.0,2024-11-10,hyderabad,Mobile,analytics for data
A2751,data analytics course,165.0,3430.0,248.59,26.0,8.0,0.04,1056.0,2024-11-06,hyderabad,Desktop,analytics for data
A2752,data analytics course,134.0,5085.0,186.1,18.0,8.0,0.06,1033.0,2024-11-27,hyderabad,Mobile,data analytics course
A2753,data analytics course,126.0,4906.0,222.92,16.0,9.0,0.071,1443.0,2024-11-25,hyderabad,Mobile,learn data analytics
A2754,data analytics course,173.0,5082.0,198.75,16.0,3.0,0.046,1128.0,2024-11-14,hyderabad,Tablet,analytics for data
A2755,data analytics course,174.0,4661.0,200.74,24.0,5.0,0.029,1596.0,2024-11-20,hyderabad,Desktop,data analytics course
A2756,data analytics course,149.0,3573.0,247.52,20.0,4.0,0.031,1742.0,2024-03-11,hyderabad,Mobile,analytics for data
A2757,data analytics course,108.0,5663.0,213.85,24.0,9.0,0.083,1703.0,2024-11-17,hyderabad,Desktop,data analitics online
A2758,data analytics course,99.0,4466.0,214.08,14.0,7.0,0.0489792299898682,1515.0,2024-11-15,hyderabad,Desktop,analytics for data
A2759,data analytics course,113.0,3120.0,249.66,20.0,8.0,0.071,1895.0,2024-11-27,hyderabad,Mobile,data anaytics training
A2760,data analytics course,84.0,3911.0,206.06,13.0,7.0,0.0489792299898682,1155.0,2024-11-18,hyderabad,Tablet,learn data analytics
A2761,data analytics course,182.0,3458.0,186.51,28.0,9.0,0.049,1982.0,2024-11-01,hyderabad,Desktop,learn data analytics
A2762,data analytics course,82.0,3261.0,245.34,30.0,8.0,0.0489792299898682,1922.0,2024-11-09,hyderabad,Desktop,data analytics course
A2763,data analytics course,103.0,3844.0,232.39,13.0,7.0,0.068,1763.0,2024-11-25,hyderabad,Mobile,learn data analytics
A2764,data analytics course,117.0,4298.0,227.92,15.0,8.0,0.068,1512.0,2024-11-21,hyderabad,Tablet,online data analytic
A2765,data analytics course,93.0,4998.0,201.98,17.0,8.0,0.086,1216.0,2024-11-12,hyderabad,Desktop,data analytics course
A2766,data analytics course,166.0,5110.0,196.99,26.0,4.0,0.0489792299898682,1431.0,2024-12-11,hyderabad,Tablet,data analitics online
A2767,data analytics course,121.0,5155.0,187.0,23.0,6.0,0.05,1510.0,2024-11-05,hyderabad,Tablet,data analytics course
A2768,data analytics course,106.0,5010.0,220.66,26.0,6.0,0.057,1345.0,2024-11-16,hyderabad,Desktop,data analytics course
A2769,data analytics course,106.0,4362.0,227.02,12.0,9.0,0.085,1548.0,2024-11-27,hyderabad,Mobile,online data analytic
A2770,data analytics course,122.0,3662.0,211.05,19.0,6.0,0.049,1082.0,2024-11-21,hyderabad,Desktop,data anaytics training
A2771,data analytics course,193.0,5464.0,224.15,12.0,3.0,0.056,1157.0,2024-03-11,hyderabad,Tablet,online data analytic
A2772,data analytics course,146.0,3560.0,214.16,26.0,3.0,0.021,1033.0,2024-11-02,hyderabad,Desktop,analytics for data
A2773,data analytics course,138.95699356913184,5014.0,198.84,10.0,8.0,0.0489792299898682,1474.0,2024-11-14,hyderabad,Tablet,learn data analytics
A2774,data analytics course,111.0,3278.0,189.58,25.0,5.0,0.045,1882.0,2024-09-11,hyderabad,Mobile,data anaytics training
A2775,data analytics course,138.95699356913184,3149.0,213.67,14.0,8.0,0.0489792299898682,1491.0,2024-11-27,hyderabad,Tablet,online data analytic
A2776,data analytics course,195.0,4128.0,246.55,25.0,5.0,0.026,1105.0,2024-11-09,hyderabad,Mobile,data anaytics training
A2777,data analytics course,149.0,5018.0,219.11,16.0,3.0,0.0489792299898682,1795.0,2024-11-26,hyderabad,Desktop,data anaytics training
A2778,data analytics course,194.0,5215.0,225.13,12.0,6.0,0.031,1107.0,2024-11-22,hyderabad,Tablet,data analitics online
A2779,data analytics course,191.0,3948.0,208.43,23.0,7.0,0.037,1450.0,2024-11-24,hyderabad,Tablet,data analytics course
A2780,data analytics course,196.0,4912.0,187.07,26.0,7.0,0.0489792299898682,1720.0,2024-04-11,hyderabad,Desktop,data analytics course
A2781,data analytics course,182.0,5136.0,249.36,23.0,7.0,0.038,1846.0,2024-11-03,hyderabad,Desktop,learn data analytics
A2782,data analytics course,156.0,5674.0,193.18,29.0,10.0,0.0489792299898682,1176.0,2024-11-27,hyderabad,Desktop,data analytics course
A2783,data analytics course,187.0,4674.0,201.41,18.0,9.0,0.048,1719.0,2024-11-28,hyderabad,Tablet,learn data analytics
A2784,data analytics course,117.0,4408.0,184.0,30.0,3.0,0.026,1239.0,2024-11-14,hyderabad,Tablet,online data analytic
A2785,data analytics course,135.0,5402.0,238.81,19.0,8.0,0.059,1648.0,2024-11-28,hyderabad,Mobile,learn data analytics
A2786,data analytics course,114.0,4523.280832678712,223.69,20.0,3.0,0.026,1845.0,2024-08-11,hyderabad,Desktop,data anaytics training
A2787,data analytics course,184.0,5876.0,231.91,23.0,7.0,0.0489792299898682,1018.0,2024-11-11,hyderabad,Desktop,data analytics course
A2788,data analytics course,115.0,5996.0,191.99,24.0,7.0,0.0489792299898682,1822.0,2024-11-20,hyderabad,Mobile,data analytics course
A2789,data analytics course,149.0,3249.0,202.43,11.0,6.0,0.04,1027.0,2024-04-11,hyderabad,Desktop,analytics for data
A2790,data analytics course,136.0,4351.0,233.43,18.0,6.0,0.044,1299.0,2024-12-11,hyderabad,Tablet,online data analytic
A2791,data analytics course,119.0,5805.0,245.13,25.0,6.0,0.0489792299898682,1122.0,2024-11-13,hyderabad,Tablet,online data analytic
A2792,data analytics course,186.0,5685.0,197.15,18.0,10.0,0.046,1273.0,2024-11-24,hyderabad,Desktop,data analytics course
A2793,data analytics course,91.0,3199.0,196.04,27.0,4.0,0.044,1737.0,2024-11-25,hyderabad,Tablet,data anaytics training
A2794,data analytics course,171.0,3490.0,180.82,11.0,8.0,0.047,1497.0,2024-11-14,hyderabad,Mobile,data analytics course
A2795,data analytics course,149.0,3584.0,199.9,21.0,8.0,0.054,1498.6481105241771,2024-11-18,hyderabad,Mobile,learn data analytics
A2796,data analytics course,121.0,3757.0,241.14,16.0,3.0,0.04,1226.0,2024-11-11,hyderabad,Desktop,data analitics online
A2797,data analytics course,189.0,3029.0,215.09062325209752,21.0,3.0,0.016,1016.0,2024-11-05,hyderabad,Desktop,data anaytics training
A2798,data analytics course,183.0,3876.0,237.72,13.0,10.0,0.055,1682.0,2024-11-11,hyderabad,Mobile,data analitics online
A2799,data analytics course,133.0,4622.0,243.63,26.0,5.0,0.038,1742.0,2024-11-22,hyderabad,Mobile,analytics for data
A2800,data analytics course,127.0,3249.0,244.01,25.0,5.0,0.039,1248.0,2024-11-05,hyderabad,Mobile,analytics for data
A2801,data analytics course,195.0,3372.0,225.57,10.0,9.0,0.046,1686.0,2024-11-17,hyderabad,Mobile,data anaytics training
A2802,data analytics course,138.0,5452.0,210.45,16.0,8.0,0.052,1964.0,2024-02-11,hyderabad,Desktop,data anaytics training
A2803,data analytics course,134.0,3011.0,230.59,21.0,7.0,0.052,1224.0,2024-11-16,hyderabad,Mobile,online data analytic
A2804,data analytics course,110.0,3371.0,211.89,12.0,6.0,0.055,1743.0,2024-11-09,hyderabad,Tablet,data analytics course
A2805,data analytics course,186.0,5126.0,182.38,25.0,7.0,0.038,1856.0,2024-11-18,hyderabad,Tablet,data analitics online
A2806,data analytics course,191.0,5257.0,219.4,29.0,6.0,0.031,1730.0,2024-11-04,hyderabad,Mobile,data analitics online
A2807,data analytics course,169.0,3475.0,247.16,12.0,3.0,0.018,1985.0,2024-11-12,hyderabad,Mobile,data anaytics training
A2808,data analytics course,198.0,5447.0,225.49,16.0,5.0,0.025,1249.0,2024-11-29,hyderabad,Mobile,analytics for data
A2809,data analytics course,184.0,3272.0,241.8,27.0,9.0,0.0489792299898682,1969.0,2024-11-08,hyderabad,Mobile,learn data analytics
A2810,data analytics course,87.0,5221.0,217.08,13.0,9.0,0.103,1723.0,2024-11-09,hyderabad,Desktop,data analitics online
A2811,data analytics course,180.0,3099.0,241.32,23.0,5.0,0.028,1177.0,2024-11-28,hyderabad,Mobile,analytics for data
A2812,data analytics course,99.0,4229.0,183.7,24.0,8.0,0.081,1792.0,2024-11-19,hyderabad,Mobile,learn data analytics
A2813,data analytics course,148.0,4038.0,248.37,28.0,3.0,0.0489792299898682,1549.0,2024-08-11,hyderabad,Mobile,online data analytic
A2814,data analytics course,146.0,3960.0,213.7,29.0,6.0,0.041,1178.0,2024-11-23,hyderabad,Mobile,data analytics course
A2815,data analytics course,149.0,3865.0,198.54,14.0,4.0,0.034,1498.6481105241771,2024-11-01,hyderabad,Tablet,data anaytics training
A2816,data analytics course,88.0,3433.0,241.8,29.0,6.0,0.068,1654.0,2024-11-20,hyderabad,Mobile,learn data analytics
A2817,data analytics course,154.0,3009.0,185.32,16.0,9.0,0.051,1433.0,2024-11-14,hyderabad,Mobile,data analitics online
A2818,data analytics course,137.0,4817.0,215.09062325209752,17.0,6.0,0.056,1720.0,2024-08-11,hyderabad,Mobile,data analytics course
A2819,data analytics course,125.0,5217.0,183.16,16.0,10.0,0.041,1245.0,2024-11-03,hyderabad,Tablet,learn data analytics
A2820,data analytics course,155.0,4870.0,191.54,23.0,8.0,0.052,1451.0,2024-11-14,hyderabad,Tablet,data analytics course
A2821,data analytics course,111.0,5133.0,240.23,22.0,8.0,0.072,1555.0,2024-11-22,hyderabad,Desktop,online data analytic
A2822,data analytics course,141.0,3181.0,234.44,16.0,9.0,0.064,1628.0,2024-11-21,hyderabad,Desktop,data anaytics training
A2823,data analytics course,153.0,4153.0,234.25,18.0,5.0,0.048,1368.0,2024-11-24,hyderabad,Tablet,data analytics course
A2824,data analytics course,176.0,4523.280832678712,191.11,11.0,4.0,0.059,1107.0,2024-11-28,hyderabad,Mobile,online data analytic
A2825,data analytics course,147.0,4250.0,223.33,17.0,3.0,0.02,1069.0,2024-11-27,hyderabad,Desktop,online data analytic
A2826,data analytics course,80.0,4523.280832678712,196.17,15.0,4.0,0.05,1252.0,2024-11-08,hyderabad,Desktop,learn data analytics
A2827,data analytics course,181.0,5783.0,231.16,24.0,4.0,0.022,1963.0,2024-11-29,hyderabad,Tablet,data analytics course
A2828,data analytics course,175.0,3792.0,227.98,17.0,8.0,0.046,1627.0,2024-11-04,hyderabad,Tablet,learn data analytics
A2829,data analytics course,94.0,5919.0,220.26,18.0,8.0,0.055,1486.0,2024-11-18,hyderabad,Desktop,data anaytics training
A2830,data analytics course,119.0,4593.0,248.14,23.0,8.0,0.067,1595.0,2024-11-08,hyderabad,Mobile,learn data analytics
A2831,data analytics course,146.0,4308.0,181.7,27.0,9.0,0.0489792299898682,1391.0,2024-11-06,hyderabad,Tablet,analytics for data
A2832,data analytics course,122.0,4676.0,202.56,25.0,8.0,0.051,1368.0,2024-11-07,hyderabad,Tablet,data analytics course
A2833,data analytics course,114.0,5832.0,215.09062325209752,28.0,4.0,0.035,1566.0,2024-11-18,hyderabad,Mobile,data analytics course
A2834,data analytics course,130.0,3637.0,215.09062325209752,25.0,7.0,0.0489792299898682,1361.0,2024-11-15,hyderabad,Tablet,analytics for data
A2835,data analytics course,154.0,5533.0,207.61,14.0,8.0,0.035,1165.0,2024-11-06,hyderabad,Desktop,analytics for data
A2836,data analytics course,132.0,4320.0,229.38,15.0,5.0,0.038,1557.0,2024-11-14,hyderabad,Desktop,analytics for data
A2837,data analytics course,170.0,3526.0,224.34,29.0,4.0,0.024,1969.0,2024-11-01,hyderabad,Desktop,analytics for data
A2838,data analytics course,85.0,5962.0,201.12,20.0,10.0,0.0489792299898682,1728.0,2024-11-25,hyderabad,Mobile,data analytics course
A2839,data analytics course,85.0,3208.0,220.53,25.0,5.0,0.059,1426.0,2024-02-11,hyderabad,Desktop,analytics for data
A2840,data analytics course,127.0,4477.0,199.34,20.0,3.0,0.024,1239.0,2024-11-01,hyderabad,Desktop,data analytics course
A2841,data analytics course,148.0,3207.0,207.16,22.0,9.0,0.061,1416.0,2024-11-28,hyderabad,Desktop,online data analytic
A2842,data analytics course,181.0,4269.0,227.56,24.0,4.0,0.0489792299898682,1251.0,2024-11-16,hyderabad,Mobile,data analytics course
A2843,data analytics course,102.0,4512.0,183.01,24.0,5.0,0.049,1544.0,2024-11-24,hyderabad,Tablet,analytics for data
A2844,data analytics course,136.0,5249.0,199.26,25.0,9.0,0.059,1142.0,2024-09-11,hyderabad,Desktop,analytics for data
A2845,data analytics course,148.0,4881.0,213.23,14.0,4.0,0.046,1474.0,2024-11-18,hyderabad,Tablet,data anaytics training
A2846,data analytics course,170.0,5385.0,198.13,21.0,7.0,0.045,1174.0,2024-11-30,hyderabad,Desktop,online data analytic
A2847,data analytics course,152.0,4506.0,215.09062325209752,17.0,7.0,0.033,1678.0,2024-12-11,hyderabad,Mobile,learn data analytics
A2848,data analytics course,128.0,4149.0,238.94,10.0,10.0,0.0489792299898682,1306.0,2024-11-13,hyderabad,Mobile,data analytics course
A2849,data analytics course,168.0,4517.0,228.0,27.0,6.0,0.036,1679.0,2024-11-20,hyderabad,Mobile,online data analytic
A2850,data analytics course,95.0,4075.0,225.18,26.0,7.0,0.074,1763.0,2024-11-19,hyderabad,Tablet,data analitics online
A2851,data analytics course,120.0,3903.0,197.56,24.0,7.0,0.0489792299898682,1255.0,2024-11-18,hyderabad,Tablet,analytics for data
A2852,data analytics course,157.0,4477.0,191.69,20.0,10.0,0.064,1598.0,2024-11-04,hyderabad,Mobile,online data analytic
A2853,data analytics course,147.0,5580.0,230.15,15.0,3.0,0.058,1299.0,2024-06-11,hyderabad,Desktop,learn data analytics
A2854,data analytics course,161.0,3253.0,181.02,15.0,10.0,0.062,1340.0,2024-11-07,hyderabad,Desktop,data anaytics training
A2855,data analytics course,187.0,3869.0,185.15,26.0,6.0,0.032,1881.0,2024-11-04,hyderabad,Mobile,data anaytics training
A2856,data analytics course,177.0,5043.0,213.52,18.0,4.0,0.023,1117.0,2024-11-28,hyderabad,Tablet,data analytics course
A2857,data analytics course,165.0,4537.0,191.77,15.0,4.0,0.024,1783.0,2024-11-04,hyderabad,Tablet,analytics for data
A2858,data analytics course,146.0,3766.0,215.09062325209752,23.0,6.0,0.0489792299898682,1760.0,2024-11-05,hyderabad,Desktop,analytics for data
A2859,data analytics course,126.0,3702.0,222.41,27.0,5.0,0.04,1489.0,2024-11-30,hyderabad,Desktop,analytics for data
A2860,data analytics course,110.0,4840.0,184.63,17.0,8.0,0.073,1013.0,2024-11-22,hyderabad,Mobile,data analitics online
A2861,data analytics course,97.0,4425.0,206.41,10.0,5.0,0.0489792299898682,1219.0,2024-11-16,hyderabad,Desktop,data analytics course
A2862,data analytics course,104.0,4213.0,202.54,21.0,8.0,0.077,1065.0,2024-11-26,hyderabad,Tablet,data analytics course
A2863,data analytics course,176.0,5010.0,205.47,18.0,10.0,0.057,1709.0,2024-11-24,hyderabad,Tablet,data analytics course
A2864,data analytics course,91.0,4045.0,225.82,12.0,7.0,0.0489792299898682,1828.0,2024-11-13,hyderabad,Tablet,online data analytic
A2865,data analytics course,167.0,5145.0,183.22,19.0,9.0,0.054,1021.0,2024-11-22,hyderabad,Desktop,online data analytic
A2866,data analytics course,132.0,3725.0,196.98,16.0,6.0,0.045,1094.0,2024-11-01,hyderabad,Desktop,analytics for data
A2867,data analytics course,93.0,4962.0,181.34,22.0,4.0,0.043,1100.0,2024-11-30,hyderabad,Desktop,analytics for data
A2868,data analytics course,149.0,3055.0,228.17,18.0,7.0,0.05,1382.0,2024-11-17,hyderabad,Desktop,learn data analytics
A2869,data analytics course,184.0,4425.0,221.83,30.0,6.0,0.033,1956.0,2024-11-13,hyderabad,Tablet,data analitics online
A2870,data analytics course,192.0,3755.0,215.09062325209752,16.0,4.0,0.021,1805.0,2024-06-11,hyderabad,Desktop,learn data analytics
A2871,data analytics course,115.0,4832.0,237.18,24.0,5.0,0.043,1737.0,2024-11-23,hyderabad,Tablet,data analitics online
A2872,data analytics course,81.0,3224.0,239.58,18.0,10.0,0.123,1229.0,2024-11-27,hyderabad,Tablet,online data analytic
A2873,data analytics course,119.0,5809.0,224.5,11.0,7.0,0.059,1736.0,2024-11-19,hyderabad,Mobile,analytics for data
A2874,data analytics course,169.0,4027.0,193.86,22.0,4.0,0.033,1387.0,2024-11-12,hyderabad,Desktop,data analitics online
A2875,data analytics course,103.0,5900.0,231.39,24.0,10.0,0.097,1963.0,2024-11-02,hyderabad,Mobile,data anaytics training
A2876,data analytics course,90.0,3518.0,216.8,21.0,4.0,0.044,1781.0,2024-11-23,hyderabad,Mobile,learn data analytics
A2877,data analytics course,184.0,4238.0,228.49,26.0,10.0,0.0489792299898682,1003.0,2024-11-09,hyderabad,Tablet,learn data analytics
A2878,data analytics course,143.0,5160.0,248.04,21.0,10.0,0.038,1780.0,2024-11-25,hyderabad,Mobile,data analitics online
A2879,data analytics course,123.0,4753.0,203.59,29.0,10.0,0.081,1959.0,2024-11-15,hyderabad,Mobile,data anaytics training
A2880,data analytics course,155.0,4969.0,190.87,25.0,5.0,0.032,1807.0,2024-11-28,hyderabad,Tablet,data anaytics training
A2881,data analytics course,140.0,4415.0,240.95,13.0,8.0,0.057,1579.0,2024-11-12,hyderabad,Mobile,data anaytics training
A2882,data analytics course,110.0,3931.0,193.32,24.0,4.0,0.0489792299898682,1088.0,2024-11-14,hyderabad,Mobile,data anaytics training
A2883,data analytics course,103.0,4409.0,246.87,18.0,8.0,0.078,1136.0,2024-11-24,hyderabad,Desktop,online data analytic
A2884,data analytics course,127.0,5064.0,195.07,22.0,10.0,0.079,1521.0,2024-11-16,hyderabad,Mobile,learn data analytics
A2885,data analytics course,151.0,3905.0,191.4,20.0,10.0,0.048,1342.0,2024-11-30,hyderabad,Desktop,data analytics course
A2886,data analytics course,191.0,4710.0,214.24,15.0,6.0,0.042,1080.0,2024-05-11,hyderabad,Desktop,data analytics course
A2887,data analytics course,177.0,3869.0,198.88,23.0,4.0,0.0489792299898682,1909.0,2024-11-04,hyderabad,Desktop,data analytics course
A2888,data analytics course,122.0,3760.0,233.47,22.0,7.0,0.057,1785.0,2024-11-16,hyderabad,Desktop,analytics for data
A2889,data analytics course,99.0,3979.0,188.54,16.0,4.0,0.04,1244.0,2024-11-20,hyderabad,Tablet,data anaytics training
A2890,data analytics course,138.95699356913184,3027.0,205.67,24.0,7.0,0.0489792299898682,1593.0,2024-11-07,hyderabad,Tablet,learn data analytics
A2891,data analytics course,114.0,4540.0,185.04,10.0,4.0,0.035,1561.0,2024-11-28,hyderabad,Mobile,data analytics course
A2892,data analytics course,92.0,4466.0,244.46,18.0,6.0,0.039,1912.0,2024-11-07,hyderabad,Desktop,learn data analytics
A2893,data analytics course,138.95699356913184,4865.0,206.18,25.0,9.0,0.0489792299898682,1836.0,2024-08-11,hyderabad,Desktop,data analitics online
A2894,data analytics course,157.0,5890.0,221.53,27.0,7.0,0.0489792299898682,1122.0,2024-11-11,hyderabad,Mobile,data anaytics training
A2895,data analytics course,91.0,4010.0,229.84,11.0,6.0,0.0489792299898682,1634.0,2024-02-11,hyderabad,Mobile,analytics for data
A2896,data analytics course,91.0,4641.0,182.84,12.0,9.0,0.046,1235.0,2024-11-25,hyderabad,Mobile,data analitics online
A2897,data analytics course,99.0,5669.0,202.47,24.0,7.0,0.071,1862.0,2024-11-11,hyderabad,Desktop,online data analytic
A2898,data analytics course,160.0,3000.0,201.69,28.0,9.0,0.056,1103.0,2024-11-16,hyderabad,Desktop,data analitics online
A2899,data analytics course,138.95699356913184,3979.0,241.3,25.0,10.0,0.0489792299898682,1488.0,2024-10-11,hyderabad,Desktop,data analytics course
A2900,data analytics course,185.0,4523.280832678712,192.6,23.0,5.0,0.027,1180.0,2024-11-01,hyderabad,Desktop,learn data analytics
A2901,data analytics course,137.0,5049.0,180.58,26.0,3.0,0.022,1808.0,2024-11-18,hyderabad,Desktop,data anaytics training
A2902,data analytics course,159.0,3662.0,203.93,20.0,4.0,0.025,1776.0,2024-11-10,hyderabad,Tablet,data analytics course
A2903,data analytics course,155.0,5822.0,227.47,10.0,4.0,0.0489792299898682,1373.0,2024-11-28,hyderabad,Mobile,data analitics online
A2904,data analytics course,103.0,3762.0,187.11,12.0,9.0,0.0489792299898682,1096.0,2024-11-24,hyderabad,Mobile,learn data analytics
A2905,data analytics course,134.0,3647.0,209.89,21.0,7.0,0.032,1744.0,2024-11-03,hyderabad,Desktop,learn data analytics
A2906,data analytics course,128.0,3448.0,235.69,27.0,8.0,0.062,1373.0,2024-11-17,hyderabad,Desktop,data analytics course
A2907,data analytics course,156.0,3776.0,213.3,30.0,4.0,0.026,1013.0,2024-11-19,hyderabad,Tablet,online data analytic
A2908,data analytics course,154.0,5763.0,240.35,20.0,10.0,0.0489792299898682,1816.0,2024-11-25,hyderabad,Mobile,data analitics online
A2909,data analytics course,176.0,3835.0,210.11,10.0,3.0,0.0489792299898682,1025.0,2024-05-11,hyderabad,Tablet,data analytics course
A2910,data analytics course,138.95699356913184,4079.0,243.8,23.0,6.0,0.047,1909.0,2024-11-29,hyderabad,Tablet,learn data analytics
A2911,data analytics course,182.0,4444.0,188.86,19.0,9.0,0.045,1555.0,2024-11-25,hyderabad,Desktop,data analytics course
A2912,data analytics course,84.0,3859.0,182.85,17.0,8.0,0.095,1145.0,2024-11-09,hyderabad,Mobile,data anaytics training
A2913,data analytics course,192.0,3752.0,240.61,23.0,8.0,0.042,1504.0,2024-11-13,hyderabad,Desktop,data analytics course
A2914,data analytics course,133.0,5487.0,243.45,22.0,7.0,0.053,1059.0,2024-11-18,hyderabad,Desktop,data analitics online
A2915,data analytics course,81.0,4864.0,238.27,15.0,7.0,0.086,1278.0,2024-01-11,hyderabad,Desktop,analytics for data
A2916,data analytics course,196.0,3834.0,216.22,10.0,3.0,0.0489792299898682,1727.0,2024-11-03,hyderabad,Mobile,data analitics online
A2917,data analytics course,103.0,5859.0,210.86,15.0,7.0,0.068,1079.0,2024-11-15,hyderabad,Mobile,online data analytic
A2918,data analytics course,107.0,4428.0,187.08,28.0,8.0,0.075,1764.0,2024-11-26,hyderabad,Tablet,data analytics course
A2919,data analytics course,199.0,5649.0,223.62,11.0,4.0,0.02,1075.0,2024-11-22,hyderabad,Desktop,data analytics course
A2920,data analytics course,133.0,4116.0,248.26,14.0,3.0,0.033,1160.0,2024-11-20,hyderabad,Mobile,data analytics course
A2921,data analytics course,192.0,5026.0,209.89,25.0,9.0,0.0489792299898682,1981.0,2024-11-30,hyderabad,Tablet,data analytics course
A2922,data analytics course,189.0,4969.0,245.1,11.0,9.0,0.0489792299898682,1993.0,2024-05-11,hyderabad,Tablet,online data analytic
A2923,data analytics course,197.0,4441.0,220.84,26.0,6.0,0.03,1498.6481105241771,2024-11-16,hyderabad,Desktop,online data analytic
A2924,data analytics course,142.0,4854.0,220.73,25.0,9.0,0.063,1891.0,2024-11-01,hyderabad,Desktop,data analitics online
A2925,data analytics course,138.95699356913184,4010.0,238.31,12.0,3.0,0.0489792299898682,1895.0,2024-11-05,hyderabad,Tablet,analytics for data
A2926,data analytics course,134.0,4790.0,182.49,19.0,5.0,0.06,1082.0,2024-11-25,hyderabad,Desktop,analytics for data
A2927,data analytics course,198.0,4953.0,201.7,22.0,8.0,0.0489792299898682,1716.0,2024-11-29,hyderabad,Mobile,data anaytics training
A2928,data analytics course,142.0,4818.0,233.74,24.0,5.0,0.043,1575.0,2024-11-03,hyderabad,Desktop,analytics for data
A2929,data analytics course,91.0,4394.0,215.09062325209752,21.0,7.0,0.0489792299898682,1926.0,2024-11-15,hyderabad,Tablet,online data analytic
A2930,data analytics course,81.0,3855.0,185.69,21.0,9.0,0.051,1310.0,2024-11-14,hyderabad,Desktop,learn data analytics
A2931,data analytics course,160.0,3781.0,241.99,23.0,3.0,0.019,1772.0,2024-11-05,hyderabad,Tablet,data analitics online
A2932,data analytics course,106.0,3309.0,217.2,25.0,4.0,0.057,1507.0,2024-11-03,hyderabad,Tablet,data analytics course
A2933,data analytics course,148.0,4930.0,211.01,24.0,6.0,0.058,1378.0,2024-11-19,hyderabad,Mobile,data anaytics training
A2934,data analytics course,83.0,4830.0,184.98,12.0,10.0,0.12,1041.0,2024-11-01,hyderabad,Desktop,learn data analytics
A2935,data analytics course,89.0,5422.0,199.91,12.0,6.0,0.067,1903.0,2024-11-09,hyderabad,Desktop,data anaytics training
A2936,data analytics course,123.0,4658.0,211.76,30.0,3.0,0.024,1201.0,2024-11-15,hyderabad,Desktop,online data analytic
A2937,data analytics course,103.0,3249.0,232.85,13.0,4.0,0.039,1397.0,2024-11-04,hyderabad,Desktop,data analytics course
A2938,data analytics course,130.0,4393.0,198.66,19.0,7.0,0.054,1236.0,2024-11-11,hyderabad,Desktop,data analitics online
A2939,data analytics course,193.0,4953.0,243.75,14.0,3.0,0.016,1118.0,2024-11-04,hyderabad,Mobile,analytics for data
A2940,data analytics course,185.0,5208.0,227.26,16.0,4.0,0.022,1953.0,2024-11-08,hyderabad,Mobile,data anaytics training
A2941,data analytics course,163.0,4114.0,224.8,18.0,8.0,0.046,1493.0,2024-11-24,hyderabad,Desktop,online data analytic
A2942,data analytics course,197.0,3508.0,181.04,20.0,4.0,0.02,1824.0,2024-11-16,hyderabad,Mobile,data anaytics training
A2943,data analytics course,89.0,5733.0,215.33,22.0,9.0,0.101,1323.0,2024-11-15,hyderabad,Tablet,data analitics online
A2944,data analytics course,99.0,3948.0,198.65,22.0,4.0,0.04,1444.0,2024-11-19,hyderabad,Mobile,data anaytics training
A2945,data analytics course,110.0,4488.0,210.69,27.0,10.0,0.0489792299898682,1872.0,2024-11-12,hyderabad,Mobile,data anaytics training
A2946,data analytics course,124.0,4747.0,234.97,24.0,10.0,0.081,1498.6481105241771,2024-11-17,hyderabad,Desktop,online data analytic
A2947,data analytics course,120.0,5363.0,221.17,17.0,4.0,0.033,1345.0,2024-11-08,hyderabad,Tablet,analytics for data
A2948,data analytics course,97.0,4523.280832678712,184.76,25.0,10.0,0.103,1498.6481105241771,2024-11-14,hyderabad,Tablet,data analitics online
A2949,data analytics course,108.0,5611.0,224.38,29.0,8.0,0.074,1886.0,2024-11-11,hyderabad,Mobile,analytics for data
A2950,data analytics course,143.0,4788.0,213.2,24.0,7.0,0.049,1359.0,2024-01-11,hyderabad,Desktop,analytics for data
A2951,data analytics course,129.0,5899.0,216.85,15.0,9.0,0.0489792299898682,1574.0,2024-11-30,hyderabad,Desktop,data analytics course
A2952,data analytics course,165.0,4121.0,224.59,30.0,7.0,0.042,1569.0,2024-11-03,hyderabad,Mobile,data analytics course
A2953,data analytics course,155.0,5030.0,234.41,13.0,5.0,0.032,1113.0,2024-08-11,hyderabad,Mobile,online data analytic
A2954,data analytics course,156.0,3533.0,211.7,22.0,9.0,0.058,1399.0,2024-11-10,hyderabad,Mobile,data analytics course
A2955,data analytics course,94.0,5751.0,205.37,10.0,9.0,0.096,1155.0,2024-11-19,hyderabad,Tablet,data analytics course
A2956,data analytics course,170.0,5484.0,210.28,20.0,9.0,0.053,1319.0,2024-11-23,hyderabad,Tablet,data anaytics training
A2957,data analytics course,90.0,5457.0,233.5,17.0,9.0,0.1,1159.0,2024-11-19,hyderabad,Desktop,data analytics course
A2958,data analytics course,138.95699356913184,3314.0,215.09062325209752,26.0,10.0,0.0489792299898682,1731.0,2024-11-27,hyderabad,Desktop,analytics for data
A2959,data analytics course,80.0,5808.0,240.44,12.0,4.0,0.036,1542.0,2024-11-16,hyderabad,Desktop,data analitics online
A2960,data analytics course,166.0,5567.0,199.13,29.0,5.0,0.03,1474.0,2024-11-08,hyderabad,Mobile,learn data analytics
A2961,data analytics course,149.0,5936.0,246.58,14.0,6.0,0.0489792299898682,1396.0,2024-11-01,hyderabad,Desktop,learn data analytics
A2962,data analytics course,151.0,4966.0,223.67,15.0,3.0,0.0489792299898682,1411.0,2024-11-09,hyderabad,Tablet,analytics for data
A2963,data analytics course,186.0,4790.0,233.42,10.0,3.0,0.0489792299898682,1201.0,2024-11-25,hyderabad,Desktop,data anaytics training
A2964,data analytics course,143.0,4932.0,206.35,20.0,9.0,0.063,1132.0,2024-11-22,hyderabad,Desktop,data analytics course
A2965,data analytics course,180.0,3991.0,200.43,10.0,10.0,0.056,1427.0,2024-11-21,hyderabad,Tablet,online data analytic
A2966,data analytics course,141.0,3306.0,188.29,30.0,9.0,0.041,1561.0,2024-11-18,hyderabad,Tablet,analytics for data
A2967,data analytics course,80.0,3432.0,226.03,24.0,9.0,0.113,1254.0,2024-11-07,hyderabad,Desktop,learn data analytics
A2968,data analytics course,152.0,4683.0,223.33,12.0,7.0,0.046,1697.0,2024-11-18,hyderabad,Tablet,data analytics course
A2969,data analytics course,189.0,3635.0,229.08,17.0,9.0,0.048,1225.0,2024-11-13,hyderabad,Tablet,online data analytic
A2970,data analytics course,121.0,4638.0,198.88,14.0,6.0,0.0489792299898682,1964.0,2024-11-08,hyderabad,Desktop,learn data analytics
A2971,data analytics course,140.0,5095.0,223.77,28.0,7.0,0.05,1233.0,2024-11-14,hyderabad,Tablet,learn data analytics
A2972,data analytics course,183.0,5749.0,213.66,23.0,7.0,0.0489792299898682,1187.0,2024-11-22,hyderabad,Mobile,online data analytic
A2973,data analytics course,156.0,3964.0,184.42,22.0,6.0,0.038,1893.0,2024-11-30,hyderabad,Tablet,online data analytic
A2974,data analytics course,136.0,5645.0,195.55,26.0,4.0,0.029,1773.0,2024-01-11,hyderabad,Tablet,learn data analytics
A2975,data analytics course,107.0,5272.0,223.18,16.0,8.0,0.075,1110.0,2024-11-28,hyderabad,Desktop,learn data analytics
A2976,data analytics course,86.0,4824.0,231.61,20.0,7.0,0.0489792299898682,1390.0,2024-11-10,hyderabad,Tablet,data analitics online
A2977,data analytics course,165.0,5455.0,191.75,30.0,5.0,0.03,1145.0,2024-11-02,hyderabad,Desktop,data anaytics training
A2978,data analytics course,145.0,3779.0,182.65,27.0,4.0,0.0489792299898682,1364.0,2024-11-24,hyderabad,Tablet,analytics for data
A2979,data analytics course,99.0,5981.0,243.89,16.0,9.0,0.091,1876.0,2024-11-11,hyderabad,Desktop,data analitics online
A2980,data analytics course,138.95699356913184,5954.0,216.02,27.0,10.0,0.0489792299898682,1880.0,2024-11-28,hyderabad,Desktop,data anaytics training
A2981,data analytics course,139.0,5055.0,215.09062325209752,19.0,8.0,0.058,1696.0,2024-11-29,hyderabad,Tablet,online data analytic
A2982,data analytics course,153.0,4524.0,224.15,20.0,4.0,0.026,1083.0,2024-11-05,hyderabad,Tablet,learn data analytics
A2983,data analytics course,184.0,5903.0,182.5,15.0,10.0,0.05,1230.0,2024-11-25,hyderabad,Mobile,learn data analytics
A2984,data analytics course,119.0,5050.0,180.57,12.0,8.0,0.067,1243.0,2024-11-04,hyderabad,Mobile,analytics for data
A2985,data analytics course,109.0,4816.0,182.9,27.0,8.0,0.0489792299898682,1123.0,2024-11-21,hyderabad,Desktop,data anaytics training
A2986,data analytics course,168.0,4070.0,222.99,29.0,7.0,0.046,1733.0,2024-11-12,hyderabad,Mobile,data anaytics training
A2987,data analytics course,138.95699356913184,5827.0,190.93,14.0,3.0,0.0489792299898682,1731.0,2024-11-30,hyderabad,Desktop,data analytics course
A2988,data analytics course,82.0,4922.0,234.82,27.0,10.0,0.033,1556.0,2024-11-17,hyderabad,Desktop,data anaytics training
A2989,data analytics course,112.0,4277.0,249.65,27.0,3.0,0.0489792299898682,1953.0,2024-11-26,hyderabad,Tablet,data analitics online
A2990,data analytics course,99.0,3418.0,195.91,19.0,10.0,0.101,1242.0,2024-04-11,hyderabad,Desktop,data anaytics training
A2991,data analytics course,89.0,3363.0,220.07,26.0,7.0,0.0489792299898682,1939.0,2024-11-09,hyderabad,Desktop,data analytics course
A2992,data analytics course,154.0,4828.0,233.39,24.0,6.0,0.0489792299898682,1661.0,2024-02-11,hyderabad,Tablet,learn data analytics
A2993,data analytics course,155.0,4135.0,226.66,26.0,7.0,0.057,1442.0,2024-11-22,hyderabad,Tablet,analytics for data
A2994,data analytics course,188.0,5254.0,190.43,27.0,7.0,0.037,1821.0,2024-11-16,hyderabad,Desktop,online data analytic
A2995,data analytics course,83.0,4439.0,232.13,28.0,7.0,0.084,1570.0,2024-11-19,hyderabad,Mobile,data anaytics training
A2996,data analytics course,127.0,3053.0,183.57,10.0,8.0,0.063,1669.0,2024-11-13,hyderabad,Tablet,data analytics course
A2997,data analytics course,141.0,5550.0,213.82,24.0,10.0,0.0489792299898682,1545.0,2024-11-15,hyderabad,Tablet,data analitics online
A2998,data analytics course,149.0,4678.0,241.41,11.0,6.0,0.0489792299898682,1106.0,2024-04-11,hyderabad,Desktop,analytics for data
A2999,data analytics course,152.0,3036.0,210.78,12.0,6.0,0.0489792299898682,1074.0,2024-11-10,hyderabad,Tablet,data analitics online
A3000,data analytics course,123.0,5050.0,247.93,11.0,8.0,0.065,1755.0,2024-11-29,hyderabad,Tablet,analytics for data
A3001,data analytics course,137.0,5057.0,194.11,11.0,6.0,0.044,1206.0,2024-11-09,hyderabad,Desktop,data analytics course
A3002,data analytics course,93.0,5346.0,197.78,15.0,8.0,0.086,1036.0,2024-11-15,hyderabad,Tablet,data analitics online
A3003,data analytics course,150.0,5580.0,204.73,24.0,10.0,0.067,1498.6481105241771,2024-11-17,hyderabad,Tablet,data analytics course
A3004,data analytics course,122.0,3351.0,196.49,13.0,3.0,0.025,1362.0,2024-11-30,hyderabad,Desktop,data analytics course
A3005,data analytics course,168.0,3128.0,184.27,30.0,7.0,0.0489792299898682,1957.0,2024-01-11,hyderabad,Tablet,data analytics course
A3006,data analytics course,113.0,4523.280832678712,215.09062325209752,26.0,8.0,0.071,1285.0,2024-12-11,hyderabad,Mobile,data analytics course
A3007,data analytics course,124.0,5402.0,222.16,21.0,7.0,0.059,1091.0,2024-11-27,hyderabad,Desktop,data anaytics training
A3008,data analytics course,95.0,4653.0,193.63,17.0,4.0,0.042,1688.0,2024-11-27,hyderabad,Desktop,data analytics course
A3009,data analytics course,185.0,4599.0,248.28,15.0,5.0,0.027,1673.0,2024-06-11,hyderabad,Desktop,data analitics online
A3010,data analytics course,144.0,3120.0,221.66,24.0,7.0,0.0489792299898682,1061.0,2024-11-13,hyderabad,Mobile,data anaytics training
A3011,data analytics course,175.0,3521.0,210.11,14.0,9.0,0.051,1140.0,2024-11-28,hyderabad,Mobile,analytics for data
A3012,data analytics course,88.0,5823.0,246.67,12.0,9.0,0.102,1514.0,2024-01-11,hyderabad,Mobile,data analytics course
A3013,data analytics course,90.0,5569.0,196.6,27.0,4.0,0.053,1516.0,2024-11-20,hyderabad,Desktop,data analitics online
A3014,data analytics course,94.0,4255.0,221.06,13.0,5.0,0.053,1623.0,2024-11-20,hyderabad,Desktop,learn data analytics
A3015,data analytics course,191.0,4910.0,232.7,14.0,10.0,0.052,1080.0,2024-11-03,hyderabad,Tablet,analytics for data
A3016,data analytics course,167.0,5675.0,222.56,15.0,4.0,0.024,1862.0,2024-11-17,hyderabad,Tablet,analytics for data
A3017,data analytics course,136.0,3777.0,186.5,11.0,4.0,0.029,1027.0,2024-11-05,hyderabad,Mobile,learn data analytics
A3018,data analytics course,110.0,5790.0,215.09062325209752,23.0,9.0,0.0489792299898682,1463.0,2024-08-11,hyderabad,Tablet,data analitics online
A3019,data analytics course,171.0,3055.0,215.09062325209752,26.0,5.0,0.029,1701.0,2024-11-18,hyderabad,Mobile,data anaytics training
A3020,data analytics course,134.0,5620.0,231.4,28.0,7.0,0.052,1499.0,2024-11-29,hyderabad,Desktop,data anaytics training
A3021,data analytics course,170.0,4594.0,193.2,27.0,9.0,0.053,1319.0,2024-11-27,hyderabad,Mobile,analytics for data
A3022,data analytics course,151.0,4907.0,248.32,10.0,4.0,0.026,1948.0,2024-11-23,hyderabad,Desktop,data analytics course
A3023,data analytics course,124.0,5437.0,180.54,29.0,7.0,0.0489792299898682,1564.0,2024-09-11,hyderabad,Desktop,analytics for data
A3024,data analytics course,88.0,4794.0,242.28,11.0,3.0,0.034,1210.0,2024-11-07,hyderabad,Mobile,data anaytics training
A3025,data analytics course,118.0,5326.0,199.76,19.0,8.0,0.068,1195.0,2024-11-24,hyderabad,Tablet,analytics for data
A3026,data analytics course,160.0,5642.0,200.82,25.0,7.0,0.0489792299898682,1498.6481105241771,2024-11-29,hyderabad,Mobile,learn data analytics
A3027,data analytics course,112.0,4594.0,236.12,29.0,8.0,0.071,1569.0,2024-11-23,hyderabad,Mobile,data anaytics training
A3028,data analytics course,186.0,4352.0,223.95,29.0,3.0,0.016,1290.0,2024-06-11,hyderabad,Mobile,data anaytics training
A3029,data analytics course,139.0,4220.0,206.02,21.0,5.0,0.036,1671.0,2024-11-21,hyderabad,Desktop,learn data analytics
A3030,data analytics course,164.0,4909.0,245.06,13.0,3.0,0.045,1601.0,2024-04-11,hyderabad,Mobile,learn data analytics
A3031,data analytics course,89.0,3148.0,219.25,13.0,4.0,0.045,1533.0,2024-11-06,hyderabad,Desktop,data analitics online
A3032,data analytics course,107.0,3105.0,195.46,20.0,10.0,0.037,1455.0,2024-11-19,hyderabad,Mobile,data analitics online
A3033,data analytics course,179.0,5062.0,214.66,18.0,4.0,0.05,1815.0,2024-11-24,hyderabad,Mobile,data analytics course
A3034,data analytics course,136.0,4096.0,228.79,19.0,10.0,0.039,1054.0,2024-11-26,hyderabad,Desktop,data anaytics training
A3035,data analytics course,140.0,4283.0,205.02,22.0,7.0,0.0489792299898682,1674.0,2024-11-11,hyderabad,Mobile,data analytics course
A3036,data analytics course,137.0,4189.0,208.84,17.0,7.0,0.0489792299898682,1211.0,2024-11-09,hyderabad,Mobile,online data analytic
A3037,data analytics course,199.0,4818.0,230.19,11.0,7.0,0.038,1714.0,2024-11-08,hyderabad,Desktop,online data analytic
A3038,data analytics course,95.0,5256.0,235.84,12.0,8.0,0.052,1324.0,2024-11-24,hyderabad,Mobile,data anaytics training
A3039,data analytics course,182.0,3980.0,191.75,16.0,5.0,0.027,1050.0,2024-11-08,hyderabad,Tablet,online data analytic
A3040,data analytics course,132.0,4359.0,237.12,29.0,3.0,0.0489792299898682,1872.0,2024-01-11,hyderabad,Mobile,online data analytic
A3041,data analytics course,139.0,5326.0,241.7,29.0,5.0,0.036,1423.0,2024-08-11,hyderabad,Mobile,analytics for data
A3042,data analytics course,134.0,5614.0,220.52,14.0,6.0,0.036,1498.6481105241771,2024-11-15,hyderabad,Desktop,data analitics online
A3043,data analytics course,166.0,3746.0,213.81,16.0,5.0,0.03,1750.0,2024-11-08,hyderabad,Mobile,data analitics online
A3044,data analytics course,121.0,5608.0,219.92,19.0,4.0,0.049,1209.0,2024-11-14,hyderabad,Tablet,data anaytics training
A3045,data analytics course,173.0,4582.0,204.99,17.0,5.0,0.029,1703.0,2024-11-21,hyderabad,Desktop,data anaytics training
A3046,data analytics course,132.0,4438.0,232.68,24.0,7.0,0.0489792299898682,1959.0,2024-11-09,hyderabad,Desktop,analytics for data
A3047,data analytics course,136.0,5011.0,236.62,25.0,5.0,0.037,1582.0,2024-11-03,hyderabad,Mobile,data analytics course
A3048,data analytics course,174.0,5864.0,190.45,26.0,5.0,0.045,1508.0,2024-11-27,hyderabad,Mobile,data anaytics training
A3049,data analytics course,168.0,5114.0,186.75,10.0,3.0,0.018,1530.0,2024-11-18,hyderabad,Desktop,online data analytic
A3050,data analytics course,117.0,5658.0,191.48,13.0,3.0,0.032,1779.0,2024-11-25,hyderabad,Mobile,learn data analytics
A3051,data analytics course,187.0,4876.0,192.2,16.0,5.0,0.027,1396.0,2024-11-09,hyderabad,Tablet,analytics for data
A3052,data analytics course,138.95699356913184,5139.0,212.2,20.0,10.0,0.0489792299898682,1613.0,2024-11-18,hyderabad,Tablet,online data analytic
A3053,data analytics course,138.95699356913184,5470.0,210.97,24.0,7.0,0.0489792299898682,1928.0,2024-11-21,hyderabad,Desktop,data analitics online
A3054,data analytics course,112.0,5143.0,242.96,18.0,3.0,0.027,1029.0,2024-07-11,hyderabad,Mobile,data anaytics training
A3055,data analytics course,124.0,4523.280832678712,209.92,15.0,4.0,0.032,1498.6481105241771,2024-11-25,hyderabad,Desktop,data analitics online
A3056,data analytics course,132.0,4769.0,236.41,15.0,4.0,0.03,1498.6481105241771,2024-11-26,hyderabad,Tablet,analytics for data
A3057,data analytics course,167.0,3366.0,213.02,28.0,4.0,0.059,1159.0,2024-11-14,hyderabad,Mobile,data analytics course
A3058,data analytics course,165.0,5228.0,199.73,27.0,3.0,0.04,1829.0,2024-05-11,hyderabad,Mobile,analytics for data
A3059,data analytics course,108.0,4266.0,220.02,24.0,5.0,0.0489792299898682,1282.0,2024-11-23,hyderabad,Mobile,data anaytics training
A3060,data analytics course,182.0,5102.0,226.22,16.0,10.0,0.06,1600.0,2024-11-07,hyderabad,Mobile,data analytics course
A3061,data analytics course,91.0,3787.0,226.17,26.0,8.0,0.088,1493.0,2024-10-11,hyderabad,Tablet,data analytics course
A3062,data analytics course,194.0,4598.0,233.86,25.0,4.0,0.0489792299898682,1565.0,2024-05-11,hyderabad,Tablet,data analitics online
A3063,data analytics course,189.0,5404.0,218.41,17.0,10.0,0.053,1418.0,2024-11-24,hyderabad,Mobile,learn data analytics
A3064,data analytics course,85.0,4432.0,214.79,22.0,7.0,0.082,1262.0,2024-11-23,hyderabad,Tablet,data analitics online
A3065,data analytics course,162.0,4016.0,224.48,28.0,10.0,0.041,1060.0,2024-11-19,hyderabad,Mobile,data anaytics training
A3066,data analytics course,138.95699356913184,5379.0,248.46,28.0,5.0,0.0489792299898682,1881.0,2024-11-27,hyderabad,Desktop,online data analytic
A3067,data analytics course,88.0,5093.0,222.28,13.0,9.0,0.05,1185.0,2024-09-11,hyderabad,Desktop,online data analytic
A3068,data analytics course,121.0,5092.0,219.15,21.0,6.0,0.05,1864.0,2024-11-04,hyderabad,Desktop,analytics for data
A3069,data analytics course,81.0,3015.0,218.69,10.0,7.0,0.086,1550.0,2024-11-27,hyderabad,Desktop,learn data analytics
A3070,data analytics course,125.0,3745.0,206.93,24.0,3.0,0.024,1619.0,2024-11-08,hyderabad,Tablet,data analytics course
A3071,data analytics course,188.0,5046.0,202.52,18.0,10.0,0.06,1625.0,2024-11-05,hyderabad,Tablet,online data analytic
A3072,data analytics course,99.0,4032.0,186.45,19.0,5.0,0.0489792299898682,1074.0,2024-11-03,hyderabad,Desktop,data analytics course
A3073,data analytics course,170.0,3879.0,245.0,29.0,7.0,0.0489792299898682,1202.0,2024-11-26,hyderabad,Tablet,data analytics course
A3074,data analytics course,105.0,4968.0,188.38,14.0,5.0,0.0489792299898682,1135.0,2024-11-21,hyderabad,Tablet,learn data analytics
A3075,data analytics course,173.0,5872.0,190.3,24.0,5.0,0.029,1953.0,2024-11-26,hyderabad,Tablet,data analitics online
A3076,data analytics course,186.0,3058.0,230.71,27.0,7.0,0.038,1498.6481105241771,2024-11-23,hyderabad,Mobile,analytics for data
A3077,data analytics course,143.0,3109.0,246.92,22.0,5.0,0.035,1589.0,2024-11-13,hyderabad,Tablet,learn data analytics
A3078,data analytics course,124.0,5415.0,217.55,24.0,4.0,0.032,1258.0,2024-11-27,hyderabad,Desktop,data analitics online
A3079,data analytics course,154.0,5633.0,245.95,29.0,7.0,0.035,1604.0,2024-11-03,hyderabad,Tablet,learn data analytics
A3080,data analytics course,85.0,5402.0,191.95,18.0,7.0,0.082,1002.0,2024-11-26,hyderabad,Desktop,data anaytics training
A3081,data analytics course,167.0,4059.0,209.18,17.0,4.0,0.024,1742.0,2024-11-16,hyderabad,Tablet,learn data analytics
A3082,data analytics course,139.0,3172.0,227.83,20.0,10.0,0.072,1130.0,2024-11-28,hyderabad,Tablet,analytics for data
A3083,data analytics course,193.0,5716.0,224.53,19.0,9.0,0.047,1167.0,2024-11-13,hyderabad,Desktop,online data analytic
A3084,data analytics course,127.0,4816.0,245.25,23.0,3.0,0.049,1985.0,2024-07-11,hyderabad,Tablet,learn data analytics
A3085,data analytics course,80.0,3742.0,247.16,24.0,10.0,0.055,1686.0,2024-11-08,hyderabad,Tablet,analytics for data
A3086,data analytics course,174.0,4469.0,215.98,14.0,8.0,0.046,1619.0,2024-11-07,hyderabad,Desktop,online data analytic
A3087,data analytics course,127.0,3454.0,209.19,19.0,10.0,0.058,1937.0,2024-11-05,hyderabad,Desktop,data anaytics training
A3088,data analytics course,151.0,3702.0,245.02,22.0,9.0,0.06,1983.0,2024-04-11,hyderabad,Tablet,learn data analytics
A3089,data analytics course,113.0,4258.0,232.25,16.0,10.0,0.088,1374.0,2024-11-24,hyderabad,Mobile,online data analytic
A3090,data analytics course,159.0,4047.0,205.62,24.0,3.0,0.05,1177.0,2024-09-11,hyderabad,Tablet,analytics for data
A3091,data analytics course,197.0,3319.0,215.83,26.0,10.0,0.051,1342.0,2024-11-18,hyderabad,Desktop,analytics for data
A3092,data analytics course,106.0,5661.0,181.96,17.0,3.0,0.028,1250.0,2024-11-11,hyderabad,Desktop,data analitics online
A3093,data analytics course,143.0,4914.0,222.69,12.0,7.0,0.05,1280.0,2024-12-11,hyderabad,Desktop,analytics for data
A3094,data analytics course,111.0,5382.0,219.59,29.0,5.0,0.032,1464.0,2024-11-25,hyderabad,Desktop,analytics for data
A3095,data analytics course,98.0,5898.0,186.46,20.0,6.0,0.038,1498.6481105241771,2024-11-09,hyderabad,Mobile,data analitics online
A3096,data analytics course,98.0,3967.0,214.51,12.0,5.0,0.051,1180.0,2024-11-08,hyderabad,Desktop,analytics for data
A3097,data analytics course,109.0,3089.0,190.0,24.0,7.0,0.038,1779.0,2024-11-01,hyderabad,Tablet,data analitics online
A3098,data analytics course,168.0,3219.0,193.16,12.0,7.0,0.037,1395.0,2024-11-23,hyderabad,Mobile,online data analytic
A3099,data analytics course,127.0,4039.0,247.92,20.0,8.0,0.063,1498.6481105241771,2024-11-27,hyderabad,Mobile,learn data analytics
A3100,data analytics course,136.0,4051.0,194.29,25.0,5.0,0.0489792299898682,1498.6481105241771,2024-11-28,hyderabad,Tablet,learn data analytics
A3101,data analytics course,173.0,5270.0,233.33,11.0,7.0,0.04,1783.0,2024-11-16,hyderabad,Desktop,analytics for data
A3102,data analytics course,184.0,3239.0,221.33,25.0,10.0,0.054,1557.0,2024-11-04,hyderabad,Desktop,online data analytic
A3103,data analytics course,174.0,4054.0,201.25,15.0,7.0,0.0489792299898682,1514.0,2024-11-23,hyderabad,Mobile,learn data analytics
A3104,data analytics course,196.0,5448.0,232.55,30.0,8.0,0.041,1694.0,2024-11-14,hyderabad,Desktop,learn data analytics
A3105,data analytics course,193.0,4523.280832678712,238.8,20.0,5.0,0.04,1327.0,2024-11-02,hyderabad,Mobile,data anaytics training
A3106,data analytics course,97.0,3937.0,197.37,14.0,10.0,0.103,1160.0,2024-11-22,hyderabad,Tablet,learn data analytics
A3107,data analytics course,128.0,4175.0,200.11,12.0,10.0,0.059,1599.0,2024-11-20,hyderabad,Desktop,data analitics online
A3108,data analytics course,143.0,5780.0,237.51,24.0,4.0,0.054,1440.0,2024-11-15,hyderabad,Mobile,data analitics online
A3109,data analytics course,138.95699356913184,3809.0,202.28,17.0,9.0,0.059,1031.0,2024-11-17,hyderabad,Desktop,data analytics course
A3110,data analytics course,83.0,3684.0,203.47,24.0,7.0,0.0489792299898682,1805.0,2024-11-17,hyderabad,Tablet,data analytics course
A3111,data analytics course,189.0,3226.0,236.68,14.0,6.0,0.032,1364.0,2024-11-06,hyderabad,Tablet,analytics for data
A3112,data analytics course,165.0,4978.0,180.25,12.0,4.0,0.058,1123.0,2024-11-14,hyderabad,Tablet,online data analytic
A3113,data analytics course,172.0,5041.0,189.31,22.0,10.0,0.0489792299898682,1645.0,2024-11-07,hyderabad,Mobile,data anaytics training
A3114,data analytics course,183.0,4124.0,186.66,24.0,6.0,0.033,1183.0,2024-11-28,hyderabad,Tablet,data analytics course
A3115,data analytics course,196.0,3143.0,238.22,28.0,7.0,0.036,1234.0,2024-11-08,hyderabad,Mobile,data analitics online
A3116,data analytics course,98.0,4505.0,209.36,27.0,5.0,0.0489792299898682,1186.0,2024-11-29,hyderabad,Tablet,learn data analytics
A3117,data analytics course,158.0,3736.0,226.99,11.0,8.0,0.0489792299898682,1606.0,2024-11-29,hyderabad,Tablet,data anaytics training
A3118,data analytics course,104.0,5949.0,216.6,28.0,4.0,0.038,1102.0,2024-10-11,hyderabad,Mobile,analytics for data
A3119,data analytics course,84.0,4625.0,226.02,13.0,5.0,0.0489792299898682,1969.0,2024-11-14,hyderabad,Desktop,online data analytic
A3120,data analytics course,128.0,5022.0,188.96,26.0,6.0,0.047,1108.0,2024-11-02,hyderabad,Mobile,data anaytics training
A3121,data analytics course,99.0,5483.0,180.04,24.0,5.0,0.05,1687.0,2024-04-11,hyderabad,Desktop,analytics for data
A3122,data analytics course,107.0,5491.0,217.98,17.0,10.0,0.093,1480.0,2024-11-11,hyderabad,Mobile,online data analytic
A3123,data analytics course,86.0,4078.0,208.92,26.0,3.0,0.035,1698.0,2024-11-06,hyderabad,Mobile,data analytics course
A3124,data analytics course,138.95699356913184,3052.0,245.45,24.0,6.0,0.0489792299898682,1769.0,2024-11-28,hyderabad,Desktop,data analitics online
A3125,data analytics course,88.0,3708.0,225.76,10.0,5.0,0.036,1667.0,2024-12-11,hyderabad,Tablet,data anaytics training
A3126,data analytics course,141.0,5314.0,184.34,29.0,10.0,0.071,1271.0,2024-11-19,hyderabad,Mobile,online data analytic
A3127,data analytics course,193.0,3566.0,212.73,19.0,7.0,0.036,1311.0,2024-11-04,hyderabad,Desktop,data analitics online
A3128,data analytics course,185.0,4839.0,193.99,26.0,6.0,0.032,1492.0,2024-04-11,hyderabad,Desktop,data anaytics training
A3129,data analytics course,117.0,5145.0,244.44,12.0,8.0,0.068,1498.6481105241771,2024-10-11,hyderabad,Mobile,data analitics online
A3130,data analytics course,147.0,4371.0,243.04,26.0,9.0,0.061,1776.0,2024-11-18,hyderabad,Desktop,online data analytic
A3131,data analytics course,197.0,5697.0,243.72,13.0,3.0,0.0489792299898682,1154.0,2024-06-11,hyderabad,Mobile,learn data analytics
A3132,data analytics course,81.0,3096.0,228.47,22.0,3.0,0.037,1386.0,2024-11-22,hyderabad,Tablet,analytics for data
A3133,data analytics course,198.0,4163.0,218.64,11.0,6.0,0.03,1904.0,2024-11-30,hyderabad,Tablet,learn data analytics
A3134,data analytics course,155.0,5150.0,224.6,24.0,7.0,0.039,1146.0,2024-11-04,hyderabad,Tablet,data analytics course
A3135,data analytics course,181.0,3948.0,223.51,17.0,4.0,0.057,1075.0,2024-10-11,hyderabad,Mobile,analytics for data
A3136,data analytics course,108.0,3126.0,248.94,12.0,3.0,0.028,1942.0,2024-11-16,hyderabad,Tablet,analytics for data
A3137,data analytics course,114.0,5551.0,195.44,30.0,5.0,0.044,1255.0,2024-11-15,hyderabad,Tablet,analytics for data
A3138,data analytics course,146.0,5712.0,221.73,26.0,5.0,0.0489792299898682,1201.0,2024-11-12,hyderabad,Mobile,analytics for data
A3139,data analytics course,89.0,4175.0,194.22,11.0,3.0,0.055,1370.0,2024-11-22,hyderabad,Desktop,data anaytics training
A3140,data analytics course,82.0,4523.280832678712,215.09062325209752,30.0,8.0,0.098,1511.0,2024-11-17,hyderabad,Desktop,learn data analytics
A3141,data analytics course,98.0,5728.0,230.52,14.0,10.0,0.0489792299898682,1322.0,2024-07-11,hyderabad,Mobile,data anaytics training
A3142,data analytics course,87.0,3161.0,244.49,24.0,8.0,0.092,1161.0,2024-11-06,hyderabad,Tablet,data analitics online
A3143,data analytics course,146.0,4773.0,248.27,30.0,6.0,0.041,1304.0,2024-11-01,hyderabad,Tablet,online data analytic
A3144,data analytics course,138.95699356913184,3385.0,208.31,25.0,10.0,0.0489792299898682,1972.0,2024-11-16,hyderabad,Mobile,analytics for data
A3145,data analytics course,122.0,5600.0,223.06,12.0,3.0,0.025,1061.0,2024-11-18,hyderabad,Tablet,learn data analytics
A3146,data analytics course,153.0,4218.0,228.36,16.0,7.0,0.046,1178.0,2024-03-11,hyderabad,Mobile,data analitics online
A3147,data analytics course,108.0,3358.0,184.1,28.0,4.0,0.037,1888.0,2024-11-16,hyderabad,Desktop,analytics for data
A3148,data analytics course,147.0,3021.0,200.17,20.0,4.0,0.027,1718.0,2024-11-18,hyderabad,Mobile,analytics for data
A3149,data analytics course,121.0,4477.0,224.77,28.0,10.0,0.083,1604.0,2024-11-17,hyderabad,Tablet,data analitics online
A3150,data analytics course,112.0,4073.0,180.24,30.0,4.0,0.0489792299898682,1628.0,2024-11-12,hyderabad,Tablet,data anaytics training
A3151,data analytics course,127.0,5172.0,204.19,10.0,4.0,0.031,1183.0,2024-11-20,hyderabad,Mobile,data analitics online
A3152,data analytics course,192.0,5896.0,201.18,30.0,9.0,0.05,1589.0,2024-11-30,hyderabad,Desktop,data analytics course
A3153,data analytics course,174.0,3427.0,223.77,20.0,7.0,0.036,1293.0,2024-11-15,hyderabad,Desktop,analytics for data
A3154,data analytics course,166.0,4176.0,243.1,16.0,9.0,0.041,1147.0,2024-11-24,hyderabad,Desktop,learn data analytics
A3155,data analytics course,98.0,5835.0,232.82,19.0,6.0,0.0489792299898682,1989.0,2024-11-02,hyderabad,Mobile,data analitics online
A3156,data analytics course,191.0,5438.0,244.1,19.0,5.0,0.0489792299898682,1203.0,2024-11-08,hyderabad,Tablet,learn data analytics
A3157,data analytics course,89.0,4936.0,199.91,16.0,4.0,0.059,1543.0,2024-11-14,hyderabad,Desktop,data analytics course
A3158,data analytics course,180.0,3526.0,215.09062325209752,15.0,7.0,0.039,1336.0,2024-11-16,hyderabad,Mobile,online data analytic
A3159,data analytics course,91.0,5509.0,186.22,29.0,5.0,0.055,1928.0,2024-11-02,hyderabad,Mobile,learn data analytics
A3160,data analytics course,114.0,5748.0,184.76,16.0,8.0,0.07,1490.0,2024-11-21,hyderabad,Desktop,data analitics online
A3161,data analytics course,80.0,5155.0,217.3,28.0,5.0,0.0489792299898682,1316.0,2024-12-11,hyderabad,Tablet,data analytics course
A3162,data analytics course,127.0,4537.0,247.11,17.0,7.0,0.043,1451.0,2024-11-18,hyderabad,Tablet,analytics for data
A3163,data analytics course,84.0,5468.0,227.36,13.0,4.0,0.048,1228.0,2024-11-26,hyderabad,Tablet,data analytics course
A3164,data analytics course,182.0,4390.0,239.33,11.0,7.0,0.052,1799.0,2024-11-27,hyderabad,Tablet,data anaytics training
A3165,data analytics course,105.0,5883.0,180.07,20.0,4.0,0.038,1586.0,2024-11-05,hyderabad,Mobile,data analytics course
A3166,data analytics course,162.0,3120.0,245.58,30.0,6.0,0.037,1952.0,2024-06-11,hyderabad,Mobile,data anaytics training
A3167,data analytics course,118.0,4377.0,219.81,21.0,4.0,0.034,1290.0,2024-11-14,hyderabad,Desktop,analytics for data
A3168,data analytics course,131.0,5719.0,183.69,12.0,7.0,0.053,1555.0,2024-11-23,hyderabad,Mobile,data anaytics training
A3169,data analytics course,116.0,4250.0,186.34,12.0,3.0,0.026,1043.0,2024-11-30,hyderabad,Desktop,analytics for data
A3170,data analytics course,80.0,5648.0,239.26,10.0,6.0,0.075,1005.0,2024-11-20,hyderabad,Mobile,data analytics course
A3171,data analytics course,81.0,3394.0,187.24,12.0,6.0,0.074,1227.0,2024-12-11,hyderabad,Tablet,data analytics course
A3172,data analytics course,189.0,5117.0,197.9,20.0,8.0,0.042,1710.0,2024-11-28,hyderabad,Mobile,analytics for data
A3173,data analytics course,128.0,3861.0,232.11,30.0,10.0,0.0489792299898682,1636.0,2024-11-18,hyderabad,Tablet,data analytics course
A3174,data analytics course,182.0,3303.0,238.4,17.0,4.0,0.022,1695.0,2024-11-05,hyderabad,Desktop,data analitics online
A3175,data analytics course,124.0,4192.0,184.42,12.0,6.0,0.048,1498.6481105241771,2024-05-11,hyderabad,Tablet,data analytics course
A3176,data analytics course,137.0,3720.0,237.22,24.0,5.0,0.036,1811.0,2024-10-11,hyderabad,Mobile,online data analytic
A3177,data analytics course,106.0,5789.0,183.62,19.0,3.0,0.028,1838.0,2024-11-16,hyderabad,Desktop,data analitics online
A3178,data analytics course,102.0,5113.0,206.65,27.0,6.0,0.059,1466.0,2024-11-19,hyderabad,Mobile,data analytics course
A3179,data analytics course,155.0,3234.0,204.47,12.0,4.0,0.026,1401.0,2024-11-16,hyderabad,Desktop,learn data analytics
A3180,data analytics course,85.0,3088.0,234.24,24.0,4.0,0.047,1210.0,2024-11-07,hyderabad,Tablet,analytics for data
A3181,data analytics course,126.0,5114.0,233.27,30.0,5.0,0.0489792299898682,1197.0,2024-11-15,hyderabad,Tablet,data analitics online
A3182,data analytics course,96.0,5070.0,210.63,27.0,10.0,0.104,1653.0,2024-11-18,hyderabad,Tablet,online data analytic
A3183,data analytics course,128.0,4445.0,200.52,14.0,4.0,0.031,1861.0,2024-11-05,hyderabad,Tablet,learn data analytics
A3184,data analytics course,151.0,3656.0,199.96,26.0,7.0,0.051,1566.0,2024-11-17,hyderabad,Desktop,online data analytic
A3185,data analytics course,95.0,3583.0,223.37,22.0,9.0,0.033,1821.0,2024-11-29,hyderabad,Desktop,online data analytic
A3186,data analytics course,193.0,4790.0,247.69,23.0,5.0,0.026,1687.0,2024-11-24,hyderabad,Mobile,data analitics online
A3187,data analytics course,90.0,3235.0,211.4,29.0,10.0,0.111,1290.0,2024-11-19,hyderabad,Tablet,analytics for data
A3188,data analytics course,175.0,3832.0,245.61,27.0,5.0,0.029,1388.0,2024-11-26,hyderabad,Desktop,data analitics online
A3189,data analytics course,153.0,4261.0,230.25,27.0,7.0,0.046,1027.0,2024-11-05,hyderabad,Desktop,analytics for data
A3190,data analytics course,103.0,4796.0,180.64,26.0,7.0,0.0489792299898682,1102.0,2024-11-03,hyderabad,Mobile,data anaytics training
A3191,data analytics course,102.0,5229.0,208.55,30.0,5.0,0.049,1065.0,2024-11-15,hyderabad,Mobile,analytics for data
A3192,data analytics course,199.0,3754.0,220.16,26.0,7.0,0.045,1262.0,2024-11-20,hyderabad,Tablet,data analytics course
A3193,data analytics course,96.0,4851.0,229.12,27.0,6.0,0.0489792299898682,1271.0,2024-11-03,hyderabad,Tablet,data anaytics training
A3194,data analytics course,107.0,4816.0,243.41,20.0,5.0,0.0489792299898682,1498.6481105241771,2024-11-25,hyderabad,Tablet,data analytics course
A3195,data analytics course,170.0,5404.0,218.24,24.0,5.0,0.0489792299898682,1818.0,2024-11-29,hyderabad,Desktop,data analitics online
A3196,data analytics course,145.0,3068.0,237.7,24.0,7.0,0.0489792299898682,1494.0,2024-11-19,hyderabad,Mobile,data analytics course
A3197,data analytics course,148.0,5877.0,213.84,25.0,8.0,0.0489792299898682,1371.0,2024-11-18,hyderabad,Desktop,learn data analytics
A3198,data analytics course,141.0,4188.0,228.12,16.0,9.0,0.0489792299898682,1204.0,2024-11-30,hyderabad,Desktop,data analitics online
A3199,data analytics course,89.0,5676.0,183.58,14.0,7.0,0.0489792299898682,1254.0,2024-11-16,hyderabad,Mobile,data analitics online
A3200,data analytics course,140.0,4677.0,223.74,20.0,9.0,0.064,1610.0,2024-11-04,hyderabad,Mobile,learn data analytics
A3201,data analytics course,135.0,3793.0,190.88,24.0,9.0,0.053,1498.6481105241771,2024-11-19,hyderabad,Desktop,data analitics online
A3202,data analytics course,105.0,3548.0,216.8,30.0,7.0,0.054,1663.0,2024-11-14,hyderabad,Tablet,learn data analytics
A3203,data analytics course,119.0,5944.0,225.75,24.0,7.0,0.0489792299898682,1516.0,2024-11-13,hyderabad,Tablet,analytics for data
A3204,data analytics course,128.0,4662.0,187.28,23.0,9.0,0.0489792299898682,1710.0,2024-11-13,hyderabad,Desktop,data anaytics training
A3205,data analytics course,120.0,4453.0,240.34,23.0,8.0,0.067,1452.0,2024-11-26,hyderabad,Tablet,online data analytic
A3206,data analytics course,163.0,5052.0,234.73,24.0,6.0,0.0489792299898682,1848.0,2024-11-17,hyderabad,Mobile,online data analytic
A3207,data analytics course,94.0,4457.0,246.18,14.0,6.0,0.053,1492.0,2024-11-15,hyderabad,Tablet,data analitics online
A3208,data analytics course,138.95699356913184,5528.0,185.93,21.0,5.0,0.045,1719.0,2024-11-15,hyderabad,Mobile,data anaytics training
A3209,data analytics course,146.0,4474.0,190.94,18.0,10.0,0.0489792299898682,1872.0,2024-11-07,hyderabad,Tablet,data analitics online
A3210,data analytics course,193.0,5129.0,243.78,13.0,10.0,0.052,1583.0,2024-11-06,hyderabad,Tablet,data analytics course
A3211,data analytics course,96.0,5210.0,223.05,10.0,8.0,0.083,1483.0,2024-11-29,hyderabad,Tablet,online data analytic
A3212,data analytics course,150.0,3456.0,242.22,16.0,7.0,0.047,1215.0,2024-11-02,hyderabad,Desktop,data anaytics training
A3213,data analytics course,130.0,4109.0,207.1,19.0,6.0,0.046,1521.0,2024-11-16,hyderabad,Mobile,learn data analytics
A3214,data analytics course,99.0,3522.0,210.01,28.0,9.0,0.034,1932.0,2024-11-23,hyderabad,Mobile,analytics for data
A3215,data analytics course,143.0,3600.0,238.14,26.0,7.0,0.049,1891.0,2024-11-09,hyderabad,Tablet,analytics for data
A3216,data analytics course,116.0,3026.0,209.03,24.0,9.0,0.0489792299898682,1819.0,2024-10-11,hyderabad,Desktop,data analitics online
A3217,data analytics course,120.0,4523.280832678712,214.76,29.0,5.0,0.042,1926.0,2024-11-30,hyderabad,Mobile,data anaytics training
A3218,data analytics course,115.0,4857.0,195.05,29.0,9.0,0.078,1644.0,2024-11-17,hyderabad,Desktop,data anaytics training
A3219,data analytics course,175.0,5915.0,223.39,23.0,8.0,0.042,1595.0,2024-11-08,hyderabad,Tablet,learn data analytics
A3220,data analytics course,100.0,3948.0,230.56,30.0,6.0,0.0489792299898682,1234.0,2024-11-12,hyderabad,Tablet,analytics for data
A3221,data analytics course,114.0,5446.0,207.62,11.0,8.0,0.0489792299898682,1355.0,2024-11-12,hyderabad,Mobile,data analitics online
A3222,data analytics course,109.0,5388.0,205.68,22.0,6.0,0.055,1339.0,2024-11-19,hyderabad,Desktop,data anaytics training
A3223,data analytics course,154.0,5138.0,194.15,17.0,7.0,0.045,1295.0,2024-11-17,hyderabad,Mobile,data analytics course
A3224,data analytics course,199.0,3534.0,238.67,24.0,5.0,0.025,1776.0,2024-11-21,hyderabad,Mobile,data anaytics training
A3225,data analytics course,98.0,4302.0,183.4,16.0,9.0,0.092,1765.0,2024-11-19,hyderabad,Desktop,data analytics course
A3226,data analytics course,196.0,4367.0,238.44,20.0,7.0,0.0489792299898682,1931.0,2024-11-27,hyderabad,Desktop,data analitics online
A3227,data analytics course,81.0,3721.0,222.89,17.0,4.0,0.046,1690.0,2024-11-15,hyderabad,Desktop,data analytics course
A3228,data analytics course,150.0,4351.0,203.7,26.0,8.0,0.0489792299898682,1765.0,2024-11-18,hyderabad,Desktop,data anaytics training
A3229,data analytics course,121.0,3122.0,237.57,29.0,6.0,0.05,1796.0,2024-07-11,hyderabad,Mobile,learn data analytics
A3230,data analytics course,124.0,3924.0,188.66,24.0,6.0,0.041,1472.0,2024-11-04,hyderabad,Tablet,data anaytics training
A3231,data analytics course,108.0,4126.0,219.33,22.0,3.0,0.028,1275.0,2024-11-29,hyderabad,Mobile,data analytics course
A3232,data analytics course,192.0,3499.0,237.83,20.0,10.0,0.043,1498.6481105241771,2024-11-12,hyderabad,Tablet,analytics for data
A3233,data analytics course,178.0,3708.0,192.77,20.0,10.0,0.056,1292.0,2024-11-16,hyderabad,Tablet,data analitics online
A3234,data analytics course,191.0,3302.0,207.75,18.0,9.0,0.047,1498.6481105241771,2024-11-26,hyderabad,Mobile,learn data analytics
A3235,data analytics course,147.0,3131.0,242.53,10.0,4.0,0.0489792299898682,1231.0,2024-11-18,hyderabad,Desktop,data analytics course
A3236,data analytics course,88.0,5145.0,242.9,16.0,10.0,0.043,1963.0,2024-11-14,hyderabad,Tablet,analytics for data
A3237,data analytics course,92.0,5241.0,223.48,23.0,9.0,0.0489792299898682,1050.0,2024-11-18,hyderabad,Desktop,data analitics online
A3238,data analytics course,148.0,4149.0,223.33,30.0,6.0,0.041,1318.0,2024-11-08,hyderabad,Tablet,data analytics course
A3239,data analytics course,127.0,3791.0,231.06,11.0,6.0,0.0489792299898682,1351.0,2024-03-11,hyderabad,Desktop,online data analytic
A3240,data analytics course,156.0,4375.0,249.33,26.0,6.0,0.038,1663.0,2024-11-15,hyderabad,Tablet,data analytics course
A3241,data analytics course,176.0,3753.0,201.76,11.0,4.0,0.023,1070.0,2024-11-07,hyderabad,Mobile,data anaytics training
A3242,data analytics course,145.0,4275.0,185.05,25.0,7.0,0.036,1574.0,2024-09-11,hyderabad,Desktop,data anaytics training
A3243,data analytics course,136.0,4332.0,234.52,19.0,6.0,0.043,1162.0,2024-11-18,hyderabad,Desktop,learn data analytics
A3244,data analytics course,150.0,4001.0,219.1,25.0,6.0,0.0489792299898682,1365.0,2024-11-09,hyderabad,Tablet,online data analytic
A3245,data analytics course,145.0,4436.0,190.63,13.0,10.0,0.069,1502.0,2024-11-21,hyderabad,Tablet,data analytics course
A3246,data analytics course,165.0,5661.0,215.09062325209752,28.0,6.0,0.036,1848.0,2024-11-02,hyderabad,Desktop,data analitics online
A3247,data analytics course,183.0,5746.0,248.15,14.0,5.0,0.053,1012.0,2024-11-25,hyderabad,Tablet,data analytics course
A3248,data analytics course,176.0,3906.0,214.0,29.0,4.0,0.037,1382.0,2024-11-25,hyderabad,Tablet,online data analytic
A3249,data analytics course,164.0,5127.0,194.76,20.0,5.0,0.0489792299898682,1498.6481105241771,2024-11-12,hyderabad,Tablet,analytics for data
A3250,data analytics course,138.95699356913184,4093.0,230.81,15.0,6.0,0.0489792299898682,1713.0,2024-02-11,hyderabad,Desktop,data analytics course
A3251,data analytics course,95.0,4933.0,220.04,15.0,3.0,0.0489792299898682,1366.0,2024-11-04,hyderabad,Mobile,data anaytics training
A3252,data analytics course,83.0,5180.0,209.62,30.0,4.0,0.0489792299898682,1972.0,2024-11-13,hyderabad,Desktop,analytics for data
A3253,data analytics course,91.0,4988.0,217.34,10.0,10.0,0.11,1508.0,2024-11-29,hyderabad,Mobile,learn data analytics
A3254,data analytics course,107.0,5510.0,216.1,14.0,8.0,0.075,1857.0,2024-11-19,hyderabad,Mobile,online data analytic
A3255,data analytics course,83.0,3187.0,215.09062325209752,25.0,10.0,0.034,1571.0,2024-11-07,hyderabad,Mobile,learn data analytics
A3256,data analytics course,166.0,3788.0,238.56,18.0,8.0,0.048,1657.0,2024-06-11,hyderabad,Mobile,learn data analytics
A3257,data analytics course,182.0,4575.0,233.74,24.0,10.0,0.0489792299898682,1844.0,2024-11-13,hyderabad,Mobile,learn data analytics
A3258,data analytics course,188.0,4382.0,249.5,12.0,9.0,0.049,1746.0,2024-11-13,hyderabad,Desktop,analytics for data
A3259,data analytics course,107.0,4605.0,230.74,17.0,7.0,0.0489792299898682,1590.0,2024-11-18,hyderabad,Tablet,online data analytic
A3260,data analytics course,169.0,4857.0,194.79,18.0,7.0,0.041,1391.0,2024-11-22,hyderabad,Mobile,data analitics online
A3261,data analytics course,165.0,3150.0,190.3,18.0,3.0,0.018,1129.0,2024-11-18,hyderabad,Desktop,data anaytics training
A3262,data analytics course,137.0,4630.0,201.14,10.0,4.0,0.029,1680.0,2024-11-27,hyderabad,Tablet,learn data analytics
A3263,data analytics course,135.0,3712.0,207.14,14.0,3.0,0.048,1788.0,2024-11-21,hyderabad,Tablet,data anaytics training
A3264,data analytics course,130.0,5739.0,215.09062325209752,23.0,8.0,0.062,1498.6481105241771,2024-11-30,hyderabad,Mobile,data analitics online
A3265,data analytics course,193.0,4523.280832678712,230.95,26.0,8.0,0.041,1055.0,2024-11-11,hyderabad,Desktop,data analitics online
A3266,data analytics course,122.0,4556.0,243.84,26.0,4.0,0.052,1164.0,2024-11-24,hyderabad,Mobile,online data analytic
A3267,data analytics course,167.0,5824.0,204.18,24.0,7.0,0.0489792299898682,1452.0,2024-11-09,hyderabad,Mobile,data analytics course
A3268,data analytics course,145.0,5765.0,240.62,18.0,6.0,0.041,1056.0,2024-11-19,hyderabad,Desktop,data anaytics training
A3269,data analytics course,80.0,5653.0,228.06,19.0,8.0,0.1,1795.0,2024-11-13,hyderabad,Tablet,analytics for data
A3270,data analytics course,138.95699356913184,4379.0,238.75,24.0,8.0,0.0489792299898682,1498.6481105241771,2024-11-10,hyderabad,Mobile,data anaytics training
A3271,data analytics course,141.0,5612.0,224.45,19.0,5.0,0.0489792299898682,1150.0,2024-11-16,hyderabad,Mobile,online data analytic
A3272,data analytics course,180.0,3102.0,198.37,19.0,3.0,0.0489792299898682,1498.6481105241771,2024-11-29,hyderabad,Mobile,online data analytic
A3273,data analytics course,196.0,5812.0,246.88,22.0,9.0,0.046,1715.0,2024-11-14,hyderabad,Mobile,online data analytic
A3274,data analytics course,168.0,4904.0,219.0,22.0,5.0,0.03,1541.0,2024-11-15,hyderabad,Tablet,online data analytic
A3275,data analytics course,138.95699356913184,4562.0,183.58,17.0,9.0,0.0489792299898682,1668.0,2024-11-30,hyderabad,Desktop,data analytics course
A3276,data analytics course,178.0,4708.0,237.77,14.0,10.0,0.0489792299898682,1449.0,2024-11-21,hyderabad,Mobile,learn data analytics
A3277,data analytics course,93.0,3945.0,189.53,27.0,3.0,0.032,1560.0,2024-11-18,hyderabad,Tablet,learn data analytics
A3278,data analytics course,138.0,5863.0,201.19,30.0,10.0,0.072,1898.0,2024-11-18,hyderabad,Desktop,analytics for data
A3279,data analytics course,143.0,4470.0,214.42,14.0,8.0,0.056,1353.0,2024-11-22,hyderabad,Mobile,data analytics course
A3280,data analytics course,138.95699356913184,5800.0,215.09062325209752,22.0,9.0,0.0489792299898682,1369.0,2024-11-14,hyderabad,Tablet,data analytics course
A3281,data analytics course,147.0,4041.0,229.19,16.0,10.0,0.055,1558.0,2024-11-27,hyderabad,Desktop,analytics for data
A3282,data analytics course,101.0,3449.0,188.39,16.0,10.0,0.099,1318.0,2024-11-08,hyderabad,Desktop,online data analytic
A3283,data analytics course,195.0,4195.0,231.87,13.0,10.0,0.034,1834.0,2024-11-25,hyderabad,Desktop,learn data analytics
A3284,data analytics course,142.0,5365.0,237.95,17.0,10.0,0.07,1548.0,2024-11-27,hyderabad,Tablet,data analitics online
A3285,data analytics course,139.0,3854.0,234.73,10.0,3.0,0.022,1802.0,2024-11-18,hyderabad,Tablet,learn data analytics
A3286,data analytics course,84.0,5597.0,244.39,22.0,10.0,0.0489792299898682,1685.0,2024-11-03,hyderabad,Tablet,data anaytics training
A3287,data analytics course,103.0,5488.0,237.06,21.0,7.0,0.049,1874.0,2024-11-22,hyderabad,Tablet,analytics for data
A3288,data analytics course,108.0,3676.0,203.45,29.0,8.0,0.074,1369.0,2024-01-11,hyderabad,Mobile,data analitics online
A3289,data analytics course,171.0,4307.0,220.89,24.0,8.0,0.038,1187.0,2024-11-01,hyderabad,Tablet,data analitics online
A3290,data analytics course,80.0,4204.0,226.79,14.0,3.0,0.037,1434.0,2024-11-21,hyderabad,Tablet,data analytics course
A3291,data analytics course,169.0,3589.0,237.83,15.0,3.0,0.018,1754.0,2024-11-21,hyderabad,Mobile,analytics for data
A3292,data analytics course,138.95699356913184,3048.0,189.48,22.0,7.0,0.0489792299898682,1740.0,2024-11-18,hyderabad,Mobile,analytics for data
A3293,data analytics course,92.0,4631.0,233.3,19.0,10.0,0.109,1521.0,2024-11-27,hyderabad,Mobile,learn data analytics
A3294,data analytics course,189.0,5624.0,248.03,23.0,7.0,0.037,1498.6481105241771,2024-11-10,hyderabad,Tablet,analytics for data
A3295,data analytics course,124.0,5931.0,214.41,21.0,3.0,0.0489792299898682,1906.0,2024-11-05,hyderabad,Tablet,online data analytic
A3296,data analytics course,138.0,5891.0,247.47,14.0,7.0,0.051,1138.0,2024-11-14,hyderabad,Desktop,online data analytic
A3297,data analytics course,186.0,5774.0,236.22,15.0,6.0,0.032,1288.0,2024-12-11,hyderabad,Mobile,learn data analytics
A3298,data analytics course,100.0,4869.0,234.37,21.0,7.0,0.07,1890.0,2024-01-11,hyderabad,Tablet,data analitics online
A3299,data analytics course,151.0,5403.0,180.74,22.0,3.0,0.046,1610.0,2024-11-29,hyderabad,Tablet,data analitics online
A3300,data analytics course,176.0,4577.0,207.98,23.0,7.0,0.0489792299898682,1396.0,2024-11-29,hyderabad,Tablet,data anaytics training
A3301,data analytics course,138.95699356913184,3978.0,230.19,23.0,9.0,0.0489792299898682,1792.0,2024-11-19,hyderabad,Desktop,analytics for data
A3302,data analytics course,141.0,4483.0,240.23,25.0,4.0,0.028,1516.0,2024-11-14,hyderabad,Tablet,analytics for data
A3303,data analytics course,117.0,5754.0,228.8,24.0,3.0,0.026,1498.6481105241771,2024-11-14,hyderabad,Mobile,data analitics online
A3304,data analytics course,131.0,5528.0,182.38,27.0,6.0,0.046,1168.0,2024-11-03,hyderabad,Desktop,analytics for data
A3305,data analytics course,173.0,3639.0,225.73,10.0,4.0,0.023,1804.0,2024-11-27,hyderabad,Tablet,data analitics online
A3306,data analytics course,195.0,4067.0,220.61,20.0,8.0,0.041,1767.0,2024-08-11,hyderabad,Desktop,data analytics course
A3307,data analytics course,126.0,3931.0,212.16,20.0,9.0,0.058,1537.0,2024-09-11,hyderabad,Desktop,learn data analytics
A3308,data analytics course,119.0,3602.0,191.83,26.0,3.0,0.0489792299898682,1052.0,2024-11-10,hyderabad,Tablet,analytics for data
A3309,data analytics course,141.0,5663.0,237.57,16.0,3.0,0.045,1269.0,2024-11-18,hyderabad,Tablet,data analytics course
A3310,data analytics course,182.0,4021.0,215.09062325209752,24.0,7.0,0.038,1444.0,2024-11-30,hyderabad,Tablet,online data analytic
A3311,data analytics course,192.0,4551.0,223.93,22.0,10.0,0.052,1231.0,2024-11-19,hyderabad,Desktop,data anaytics training
A3312,data analytics course,138.95699356913184,5123.0,231.93,18.0,9.0,0.0489792299898682,1031.0,2024-11-18,hyderabad,Desktop,analytics for data
A3313,data analytics course,160.0,3816.0,207.93,27.0,9.0,0.056,1884.0,2024-11-03,hyderabad,Mobile,analytics for data
A3314,data analytics course,140.0,3154.0,212.73,21.0,4.0,0.029,1024.0,2024-11-14,hyderabad,Tablet,learn data analytics
A3315,data analytics course,134.0,3700.0,226.57,28.0,7.0,0.056,1836.0,2024-11-04,hyderabad,Tablet,data analitics online
A3316,data analytics course,92.0,3963.0,219.39,22.0,10.0,0.0489792299898682,1834.0,2024-11-26,hyderabad,Mobile,online data analytic
A3317,data analytics course,163.0,3978.0,232.7,25.0,9.0,0.046,1380.0,2024-11-08,hyderabad,Desktop,data analitics online
A3318,data analytics course,155.0,5105.0,239.11,20.0,5.0,0.032,1009.0,2024-11-05,hyderabad,Mobile,analytics for data
A3319,data analytics course,194.0,3559.0,205.78,15.0,9.0,0.046,1765.0,2024-03-11,hyderabad,Desktop,online data analytic
A3320,data analytics course,165.0,3005.0,239.14,23.0,6.0,0.036,1989.0,2024-11-27,hyderabad,Tablet,learn data analytics
A3321,data analytics course,135.0,4740.0,235.55,24.0,4.0,0.03,1715.0,2024-11-07,hyderabad,Desktop,analytics for data
A3322,data analytics course,87.0,4379.0,209.25,29.0,10.0,0.0489792299898682,1348.0,2024-11-05,hyderabad,Desktop,learn data analytics
A3323,data analytics course,164.0,4151.0,219.97,30.0,9.0,0.055,1498.6481105241771,2024-11-25,hyderabad,Desktop,online data analytic
A3324,data analytics course,138.95699356913184,3185.0,217.33,21.0,3.0,0.0489792299898682,1498.6481105241771,2024-11-15,hyderabad,Mobile,data anaytics training
A3325,data analytics course,84.0,5652.0,191.93,30.0,8.0,0.095,1729.0,2024-11-13,hyderabad,Mobile,data analitics online
A3326,data analytics course,158.0,4819.0,185.34,17.0,9.0,0.0489792299898682,1066.0,2024-11-24,hyderabad,Mobile,data anaytics training
A3327,data analytics course,90.0,4472.0,237.16,28.0,10.0,0.059,1629.0,2024-11-13,hyderabad,Mobile,learn data analytics
A3328,data analytics course,197.0,3186.0,194.44,19.0,6.0,0.03,1857.0,2024-11-14,hyderabad,Tablet,data analytics course
A3329,data analytics course,133.0,4241.0,197.26,25.0,9.0,0.068,1325.0,2024-11-26,hyderabad,Tablet,data anaytics training
A3330,data analytics course,149.0,5035.0,234.52,28.0,5.0,0.034,1304.0,2024-11-04,hyderabad,Desktop,online data analytic
A3331,data analytics course,197.0,5686.0,239.76,27.0,9.0,0.056,1462.0,2024-11-17,hyderabad,Desktop,data analitics online
A3332,data analytics course,157.0,4062.0,223.72,24.0,8.0,0.051,1498.6481105241771,2024-11-25,hyderabad,Tablet,data analitics online
A3333,data analytics course,102.0,3113.0,202.77,22.0,7.0,0.069,1997.0,2024-11-06,hyderabad,Desktop,online data analytic
A3334,data analytics course,175.0,3958.0,193.52,23.0,8.0,0.046,1064.0,2024-11-04,hyderabad,Mobile,data analytics course
A3335,data analytics course,101.0,3317.0,215.09062325209752,23.0,4.0,0.04,1716.0,2024-11-10,hyderabad,Desktop,data analytics course
A3336,data analytics course,127.0,4226.0,184.46,10.0,9.0,0.071,1427.0,2024-11-08,hyderabad,Desktop,data analytics course
A3337,data analytics course,148.0,3469.0,212.07,14.0,9.0,0.0489792299898682,1898.0,2024-11-30,hyderabad,Tablet,data analitics online
A3338,data analytics course,181.0,3859.0,246.36,22.0,9.0,0.056,1769.0,2024-01-11,hyderabad,Mobile,online data analytic
A3339,data analytics course,140.0,3389.0,183.33,28.0,6.0,0.043,1385.0,2024-11-08,hyderabad,Mobile,online data analytic
A3340,data analytics course,146.0,5075.0,215.09062325209752,13.0,9.0,0.056,1353.0,2024-11-26,hyderabad,Tablet,analytics for data
A3341,data analytics course,148.0,3269.0,191.73,18.0,9.0,0.061,1396.0,2024-10-11,hyderabad,Mobile,learn data analytics
A3342,data analytics course,101.0,4814.0,191.43,17.0,7.0,0.069,1112.0,2024-11-20,hyderabad,Desktop,learn data analytics
A3343,data analytics course,179.0,5145.0,223.04,29.0,9.0,0.05,1002.0,2024-11-08,hyderabad,Mobile,data anaytics training
A3344,data analytics course,151.0,4107.0,183.81,21.0,10.0,0.066,1872.0,2024-11-11,hyderabad,Desktop,data analytics course
A3345,data analytics course,195.0,3221.0,185.08,19.0,10.0,0.042,1905.0,2024-11-26,hyderabad,Tablet,data analytics course
A3346,data analytics course,169.0,4846.0,230.53,15.0,8.0,0.0489792299898682,1103.0,2024-04-11,hyderabad,Mobile,data anaytics training
A3347,data analytics course,161.0,3160.0,229.71,17.0,3.0,0.019,1817.0,2024-11-01,hyderabad,Mobile,data anaytics training
A3348,data analytics course,156.0,5095.0,214.32,30.0,9.0,0.0489792299898682,1444.0,2024-11-27,hyderabad,Mobile,data analitics online
A3349,data analytics course,148.0,3957.0,215.09062325209752,20.0,10.0,0.068,1288.0,2024-10-11,hyderabad,Tablet,data analitics online
A3350,data analytics course,126.0,4920.0,182.36,27.0,5.0,0.04,1933.0,2024-04-11,hyderabad,Tablet,data analitics online
A3351,data analytics course,189.0,3588.0,191.74,22.0,9.0,0.0489792299898682,1893.0,2024-11-25,hyderabad,Desktop,data analytics course
A3352,data analytics course,119.0,4927.0,223.35,16.0,3.0,0.0489792299898682,1377.0,2024-11-14,hyderabad,Mobile,data anaytics training
A3353,data analytics course,138.95699356913184,4523.280832678712,200.54,30.0,5.0,0.032,1498.6481105241771,2024-11-01,hyderabad,Desktop,analytics for data
A3354,data analytics course,127.0,5742.0,233.98,13.0,4.0,0.031,1743.0,2024-11-12,hyderabad,Tablet,data analytics course
A3355,data analytics course,106.0,4474.0,181.48,17.0,10.0,0.094,1189.0,2024-11-20,hyderabad,Tablet,analytics for data
A3356,data analytics course,119.0,4322.0,183.0,24.0,5.0,0.0489792299898682,1108.0,2024-11-06,hyderabad,Mobile,data analitics online
A3357,data analytics course,81.0,4144.0,180.01,18.0,3.0,0.037,1648.0,2024-11-20,hyderabad,Mobile,data analitics online
A3358,data analytics course,152.0,5007.0,208.84,19.0,10.0,0.066,1628.0,2024-11-24,hyderabad,Mobile,online data analytic
A3359,data analytics course,153.0,5388.0,219.93,16.0,4.0,0.026,1602.0,2024-11-11,hyderabad,Tablet,data analytics course
A3360,data analytics course,120.0,4229.0,244.13,20.0,9.0,0.075,1380.0,2024-11-12,hyderabad,Desktop,data analytics course
A3361,data analytics course,167.0,5140.0,228.32,28.0,9.0,0.051,1056.0,2024-08-11,hyderabad,Mobile,data analitics online
A3362,data analytics course,116.0,5001.0,186.67,17.0,5.0,0.043,1340.0,2024-11-07,hyderabad,Desktop,analytics for data
A3363,data analytics course,93.0,3802.0,215.52,22.0,7.0,0.034,1513.0,2024-11-23,hyderabad,Mobile,online data analytic
A3364,data analytics course,159.0,5584.0,249.46,18.0,8.0,0.05,1176.0,2024-11-09,hyderabad,Desktop,analytics for data
A3365,data analytics course,146.0,5105.0,224.77,12.0,7.0,0.038,1440.0,2024-11-05,hyderabad,Mobile,analytics for data
A3366,data analytics course,136.0,5714.0,190.3,19.0,8.0,0.059,1694.0,2024-11-30,hyderabad,Desktop,data anaytics training
A3367,data analytics course,159.0,5025.0,208.68,16.0,4.0,0.051,1779.0,2024-11-21,hyderabad,Mobile,online data analytic
A3368,data analytics course,83.0,3781.0,220.82,11.0,4.0,0.048,1866.0,2024-11-15,hyderabad,Mobile,data anaytics training
A3369,data analytics course,136.0,3318.0,215.86,20.0,8.0,0.032,1712.0,2024-11-21,hyderabad,Tablet,data analitics online
A3370,data analytics course,136.0,3939.0,213.66,16.0,6.0,0.044,1708.0,2024-11-21,hyderabad,Tablet,online data analytic
A3371,data analytics course,166.0,3546.0,221.99,10.0,3.0,0.018,1796.0,2024-11-12,hyderabad,Desktop,learn data analytics
A3372,data analytics course,192.0,5845.0,247.56,28.0,3.0,0.0489792299898682,1542.0,2024-11-19,hyderabad,Desktop,analytics for data
A3373,data analytics course,138.95699356913184,3580.0,223.48,21.0,6.0,0.0489792299898682,1555.0,2024-11-27,hyderabad,Tablet,data analytics course
A3374,data analytics course,108.0,4019.0,199.85,25.0,8.0,0.059,1657.0,2024-02-11,hyderabad,Tablet,learn data analytics
A3375,data analytics course,175.0,3345.0,185.48,23.0,9.0,0.051,1193.0,2024-11-20,hyderabad,Desktop,data analitics online
A3376,data analytics course,80.0,4413.0,245.4,10.0,5.0,0.062,1650.0,2024-11-03,hyderabad,Mobile,data analytics course
A3377,data analytics course,192.0,4969.0,234.27,30.0,5.0,0.026,1627.0,2024-11-17,hyderabad,Tablet,data analytics course
A3378,data analytics course,85.0,5083.0,181.19,13.0,3.0,0.05,1048.0,2024-11-11,hyderabad,Mobile,data analytics course
A3379,data analytics course,91.0,4176.0,216.63,20.0,8.0,0.088,1502.0,2024-09-11,hyderabad,Mobile,data analytics course
A3380,data analytics course,94.0,5389.0,220.53,11.0,10.0,0.106,1670.0,2024-11-27,hyderabad,Mobile,data anaytics training
A3381,data analytics course,119.0,4653.0,224.68,24.0,4.0,0.0489792299898682,1773.0,2024-11-14,hyderabad,Tablet,learn data analytics
A3382,data analytics course,198.0,3926.0,195.25,25.0,7.0,0.035,1060.0,2024-11-12,hyderabad,Desktop,data analitics online
A3383,data analytics course,87.0,4154.0,232.88,13.0,3.0,0.034,1099.0,2024-11-10,hyderabad,Desktop,online data analytic
A3384,data analytics course,101.0,3286.0,196.59,12.0,9.0,0.089,1034.0,2024-11-02,hyderabad,Tablet,analytics for data
A3385,data analytics course,142.0,4593.0,230.69,20.0,5.0,0.035,1537.0,2024-11-22,hyderabad,Mobile,data analytics course
A3386,data analytics course,111.0,5689.0,195.94,12.0,4.0,0.0489792299898682,1377.0,2024-11-14,hyderabad,Desktop,analytics for data
A3387,data analytics course,152.0,5040.0,238.61,30.0,9.0,0.04,1795.0,2024-11-15,hyderabad,Desktop,data analytics course
A3388,data analytics course,89.0,3623.0,218.35,22.0,6.0,0.067,1311.0,2024-11-01,hyderabad,Mobile,learn data analytics
A3389,data analytics course,115.0,3999.0,216.67,16.0,6.0,0.031,1777.0,2024-11-05,hyderabad,Mobile,data analytics course
A3390,data analytics course,131.0,4320.0,223.08,30.0,7.0,0.058,1498.6481105241771,2024-11-04,hyderabad,Mobile,analytics for data
A3391,data analytics course,153.0,4027.0,182.11,10.0,5.0,0.033,1332.0,2024-11-28,hyderabad,Tablet,learn data analytics
A3392,data analytics course,108.0,4523.280832678712,208.9,10.0,7.0,0.0489792299898682,1313.0,2024-11-29,hyderabad,Desktop,learn data analytics
A3393,data analytics course,172.0,5712.0,204.06,28.0,7.0,0.034,1407.0,2024-11-21,hyderabad,Tablet,analytics for data
A3394,data analytics course,118.0,5514.0,237.88,27.0,9.0,0.076,1401.0,2024-11-27,hyderabad,Mobile,analytics for data
A3395,data analytics course,90.0,3776.0,186.92,19.0,4.0,0.04,1053.0,2024-11-15,hyderabad,Tablet,learn data analytics
A3396,data analytics course,97.0,3370.0,236.35,20.0,7.0,0.072,1498.6481105241771,2024-11-04,hyderabad,Mobile,data analytics course
A3397,data analytics course,149.0,3814.0,213.11,13.0,7.0,0.047,1057.0,2024-11-06,hyderabad,Mobile,analytics for data
A3398,data analytics course,137.0,5434.0,182.57,10.0,7.0,0.051,1852.0,2024-11-29,hyderabad,Desktop,online data analytic
A3399,data analytics course,172.0,4079.0,183.05,20.0,8.0,0.047,1988.0,2024-11-28,hyderabad,Desktop,data analytics course
A3400,data analytics course,116.0,4252.0,180.05,18.0,8.0,0.069,1568.0,2024-11-17,hyderabad,Desktop,online data analytic
A3401,data analytics course,187.0,4793.0,186.41,30.0,9.0,0.0489792299898682,1120.0,2024-11-03,hyderabad,Desktop,data analytics course
A3402,data analytics course,126.0,4140.0,193.49,19.0,7.0,0.0489792299898682,1340.0,2024-11-19,hyderabad,Tablet,data analytics course
A3403,data analytics course,123.0,5844.0,201.7,12.0,6.0,0.0489792299898682,1636.0,2024-10-11,hyderabad,Desktop,data analitics online
A3404,data analytics course,132.0,5845.0,249.74,19.0,7.0,0.05,1067.0,2024-03-11,hyderabad,Mobile,analytics for data
A3405,data analytics course,118.0,3371.0,191.98,10.0,6.0,0.0489792299898682,1458.0,2024-11-13,hyderabad,Mobile,learn data analytics
A3406,data analytics course,92.0,4853.0,189.19,23.0,9.0,0.0489792299898682,1189.0,2024-11-18,hyderabad,Desktop,online data analytic
A3407,data analytics course,100.0,5781.0,202.96,30.0,7.0,0.07,1132.0,2024-11-18,hyderabad,Desktop,data anaytics training
A3408,data analytics course,100.0,5435.0,205.99,13.0,6.0,0.031,1607.0,2024-11-27,hyderabad,Tablet,analytics for data
A3409,data analytics course,89.0,3915.0,207.63,10.0,7.0,0.0489792299898682,1454.0,2024-11-02,hyderabad,Desktop,data analytics course
A3410,data analytics course,147.0,4231.0,186.73,20.0,5.0,0.0489792299898682,1271.0,2024-11-15,hyderabad,Desktop,learn data analytics
A3411,data analytics course,153.0,3225.0,240.34,20.0,8.0,0.052,1313.0,2024-11-28,hyderabad,Tablet,data analitics online
A3412,data analytics course,164.0,3996.0,202.56,19.0,10.0,0.061,1880.0,2024-11-29,hyderabad,Desktop,data analitics online
A3413,data analytics course,124.0,5949.0,218.12,11.0,10.0,0.0489792299898682,1019.0,2024-06-11,hyderabad,Mobile,online data analytic
A3414,data analytics course,189.0,5740.0,231.73,28.0,5.0,0.0489792299898682,1306.0,2024-11-03,hyderabad,Tablet,online data analytic
A3415,data analytics course,142.0,5354.0,247.32,17.0,4.0,0.048,1828.0,2024-11-01,hyderabad,Desktop,online data analytic
A3416,data analytics course,127.0,4587.0,199.63,17.0,5.0,0.043,1319.0,2024-11-27,hyderabad,Tablet,data analytics course
A3417,data analytics course,174.0,3957.0,181.56,12.0,3.0,0.0489792299898682,1385.0,2024-11-02,hyderabad,Desktop,data anaytics training
A3418,data analytics course,183.0,5971.0,207.43,10.0,7.0,0.038,1325.0,2024-11-25,hyderabad,Tablet,online data analytic
A3419,data analytics course,190.0,3455.0,213.11,18.0,7.0,0.037,1730.0,2024-11-13,hyderabad,Desktop,data anaytics training
A3420,data analytics course,116.0,5748.0,188.91,11.0,7.0,0.0489792299898682,1368.0,2024-11-14,hyderabad,Desktop,data analitics online
A3421,data analytics course,199.0,4387.0,206.92,20.0,9.0,0.038,1054.0,2024-11-24,hyderabad,Mobile,data anaytics training
A3422,data analytics course,181.0,4103.0,215.09062325209752,24.0,8.0,0.044,1103.0,2024-11-25,hyderabad,Mobile,data analitics online
A3423,data analytics course,197.0,3253.0,243.38,17.0,3.0,0.034,1606.0,2024-11-22,hyderabad,Tablet,data analytics course
A3424,data analytics course,136.0,4492.0,205.0,10.0,4.0,0.0489792299898682,1319.0,2024-11-22,hyderabad,Tablet,online data analytic
A3425,data analytics course,128.0,3153.0,236.34,16.0,6.0,0.0489792299898682,1050.0,2024-11-09,hyderabad,Desktop,online data analytic
A3426,data analytics course,163.0,4794.0,204.35,26.0,3.0,0.052,1978.0,2024-11-16,hyderabad,Tablet,data analitics online
A3427,data analytics course,199.0,5210.0,212.53,30.0,10.0,0.05,1749.0,2024-11-26,hyderabad,Mobile,analytics for data
A3428,data analytics course,169.0,5326.0,215.09062325209752,30.0,5.0,0.03,1030.0,2024-11-25,hyderabad,Desktop,data analitics online
A3429,data analytics course,138.0,3961.0,247.45,13.0,3.0,0.022,1601.0,2024-11-18,hyderabad,Mobile,data analytics course
A3430,data analytics course,138.95699356913184,5937.0,231.01,25.0,4.0,0.057,1448.0,2024-11-20,hyderabad,Tablet,online data analytic
A3431,data analytics course,154.0,4904.0,247.11,11.0,8.0,0.052,1498.6481105241771,2024-11-22,hyderabad,Tablet,learn data analytics
A3432,data analytics course,105.0,3149.0,233.19,13.0,10.0,0.095,1135.0,2024-11-09,hyderabad,Tablet,learn data analytics
A3433,data analytics course,89.0,5963.0,209.41,29.0,9.0,0.101,1066.0,2024-11-18,hyderabad,Desktop,online data analytic
A3434,data analytics course,125.0,3808.0,191.42,29.0,7.0,0.056,1783.0,2024-11-10,hyderabad,Tablet,data analytics course
A3435,data analytics course,175.0,3938.0,186.09,22.0,9.0,0.0489792299898682,1218.0,2024-11-05,hyderabad,Mobile,analytics for data
A3436,data analytics course,175.0,5521.0,207.4,25.0,3.0,0.017,1616.0,2024-04-11,hyderabad,Mobile,online data analytic
A3437,data analytics course,183.0,4523.280832678712,198.12,27.0,10.0,0.055,1498.6481105241771,2024-11-22,hyderabad,Mobile,data analytics course
A3438,data analytics course,182.0,5466.0,206.3,26.0,4.0,0.037,1816.0,2024-11-18,hyderabad,Tablet,data analytics course
A3439,data analytics course,138.95699356913184,4528.0,235.96,30.0,4.0,0.0489792299898682,1926.0,2024-11-28,hyderabad,Mobile,data anaytics training
A3440,data analytics course,168.0,4904.0,220.19,23.0,6.0,0.036,1870.0,2024-11-11,hyderabad,Desktop,learn data analytics
A3441,data analytics course,150.0,5057.0,220.26,24.0,5.0,0.033,1498.6481105241771,2024-01-11,hyderabad,Desktop,data anaytics training
A3442,data analytics course,152.0,3390.0,209.39,18.0,6.0,0.039,1620.0,2024-11-04,hyderabad,Desktop,online data analytic
A3443,data analytics course,113.0,3532.0,247.57,29.0,6.0,0.055,1273.0,2024-11-20,hyderabad,Mobile,learn data analytics
A3444,data analytics course,93.0,3683.0,201.45,11.0,10.0,0.108,1331.0,2024-11-14,hyderabad,Mobile,learn data analytics
A3445,data analytics course,141.0,5031.0,189.92,23.0,5.0,0.035,1093.0,2024-11-01,hyderabad,Desktop,data analitics online
A3446,data analytics course,191.0,5660.0,192.49,21.0,5.0,0.056,1023.0,2024-03-11,hyderabad,Mobile,data analytics course
A3447,data analytics course,187.0,3450.0,234.31,18.0,9.0,0.0489792299898682,1609.0,2024-11-18,hyderabad,Tablet,online data analytic
A3448,data analytics course,118.0,4804.0,227.98,28.0,9.0,0.039,1064.0,2024-11-28,hyderabad,Mobile,learn data analytics
A3449,data analytics course,184.0,5983.0,242.62,25.0,6.0,0.0489792299898682,1538.0,2024-11-03,hyderabad,Desktop,data analytics course
A3450,data analytics course,167.0,5051.0,202.95,21.0,10.0,0.06,1812.0,2024-11-10,hyderabad,Mobile,learn data analytics
A3451,data analytics course,162.0,3815.0,221.44,13.0,7.0,0.04,1728.0,2024-11-21,hyderabad,Desktop,data analytics course
A3452,data analytics course,125.0,5370.0,183.67,18.0,10.0,0.042,1815.0,2024-11-14,hyderabad,Tablet,data analytics course
A3453,data analytics course,102.0,4451.0,219.15,29.0,7.0,0.0489792299898682,1491.0,2024-11-29,hyderabad,Mobile,data analitics online
A3454,data analytics course,141.0,4243.0,190.94,24.0,6.0,0.0489792299898682,1498.6481105241771,2024-11-22,hyderabad,Desktop,data anaytics training
A3455,data analytics course,121.0,3844.0,242.19,29.0,3.0,0.0489792299898682,1897.0,2024-11-10,hyderabad,Mobile,learn data analytics
A3456,data analytics course,142.0,4023.0,186.79,17.0,3.0,0.021,1172.0,2024-11-23,hyderabad,Tablet,data anaytics training
A3457,data analytics course,150.0,4409.0,223.45,23.0,7.0,0.047,1578.0,2024-11-13,hyderabad,Desktop,learn data analytics
A3458,data analytics course,117.0,3109.0,239.1,21.0,3.0,0.026,1498.6481105241771,2024-11-27,hyderabad,Tablet,data analytics course
A3459,data analytics course,142.0,5613.0,180.45,11.0,9.0,0.063,1978.0,2024-11-28,hyderabad,Mobile,data anaytics training
A3460,data analytics course,103.0,4821.0,214.54,30.0,6.0,0.058,1408.0,2024-11-13,hyderabad,Tablet,data analitics online
A3461,data analytics course,187.0,3289.0,186.04,23.0,5.0,0.027,1645.0,2024-11-06,hyderabad,Desktop,data analytics course
A3462,data analytics course,172.0,4441.0,209.18,17.0,10.0,0.043,1498.6481105241771,2024-11-29,hyderabad,Desktop,data analitics online
A3463,data analytics course,105.0,3000.0,185.97,17.0,6.0,0.057,1993.0,2024-11-29,hyderabad,Mobile,data analitics online
A3464,data analytics course,181.0,4156.0,245.68,22.0,10.0,0.031,1336.0,2024-11-14,hyderabad,Mobile,learn data analytics
A3465,data analytics course,172.0,5314.0,240.69,14.0,9.0,0.0489792299898682,1998.0,2024-11-23,hyderabad,Tablet,learn data analytics
A3466,data analytics course,98.0,4655.0,182.99,21.0,10.0,0.102,1918.0,2024-11-25,hyderabad,Desktop,data analytics course
A3467,data analytics course,92.0,3226.0,236.27,17.0,6.0,0.0489792299898682,1473.0,2024-10-11,hyderabad,Tablet,data anaytics training
A3468,data analytics course,102.0,5246.0,234.71,20.0,4.0,0.039,1903.0,2024-11-25,hyderabad,Tablet,data anaytics training
A3469,data analytics course,143.0,5545.0,246.64,26.0,9.0,0.063,1105.0,2024-11-08,hyderabad,Mobile,learn data analytics
A3470,data analytics course,111.0,4069.0,203.57,25.0,4.0,0.033,1724.0,2024-11-07,hyderabad,Mobile,data anaytics training
A3471,data analytics course,116.0,4689.0,198.9,27.0,3.0,0.026,1553.0,2024-11-24,hyderabad,Mobile,data anaytics training
A3472,data analytics course,148.0,3907.0,199.43,11.0,7.0,0.047,1253.0,2024-11-20,hyderabad,Desktop,data analitics online
A3473,data analytics course,90.0,5137.0,219.64,21.0,7.0,0.078,1958.0,2024-11-30,hyderabad,Mobile,online data analytic
A3474,data analytics course,80.0,3836.0,209.37,20.0,7.0,0.0489792299898682,1937.0,2024-11-28,hyderabad,Tablet,online data analytic
A3475,data analytics course,188.0,4727.0,245.59,12.0,6.0,0.032,1321.0,2024-11-24,hyderabad,Mobile,learn data analytics
A3476,data analytics course,114.0,3880.0,215.09062325209752,18.0,3.0,0.026,1217.0,2024-11-18,hyderabad,Mobile,data analitics online
A3477,data analytics course,112.0,3639.0,185.6,27.0,7.0,0.062,1517.0,2024-11-17,hyderabad,Tablet,analytics for data
A3478,data analytics course,96.0,3858.0,199.81,15.0,7.0,0.0489792299898682,1672.0,2024-11-15,hyderabad,Mobile,data analitics online
A3479,data analytics course,138.95699356913184,3699.0,186.22,23.0,7.0,0.0489792299898682,1218.0,2024-11-23,hyderabad,Tablet,analytics for data
A3480,data analytics course,172.0,5955.0,216.07,15.0,7.0,0.038,1323.0,2024-11-02,hyderabad,Mobile,learn data analytics
A3481,data analytics course,134.0,5520.0,189.43,22.0,10.0,0.0489792299898682,1319.0,2024-11-30,hyderabad,Desktop,data analitics online
A3482,data analytics course,148.0,3884.0,233.46,14.0,5.0,0.034,1138.0,2024-11-11,hyderabad,Mobile,data analitics online
A3483,data analytics course,191.0,5361.0,220.04,17.0,10.0,0.052,1034.0,2024-11-09,hyderabad,Mobile,analytics for data
A3484,data analytics course,168.0,5384.0,235.64,28.0,3.0,0.018,1498.6481105241771,2024-11-16,hyderabad,Mobile,data analytics course
A3485,data analytics course,84.0,4388.0,238.98,29.0,4.0,0.048,1271.0,2024-11-14,hyderabad,Mobile,analytics for data
A3486,data analytics course,80.0,5699.0,213.94,17.0,6.0,0.075,1511.0,2024-11-25,hyderabad,Mobile,learn data analytics
A3487,data analytics course,136.0,3705.0,212.05,16.0,9.0,0.0489792299898682,1471.0,2024-11-14,hyderabad,Desktop,analytics for data
A3488,data analytics course,138.95699356913184,3256.0,233.35,15.0,7.0,0.0489792299898682,1106.0,2024-10-11,hyderabad,Tablet,analytics for data
A3489,data analytics course,157.0,4026.0,192.69,19.0,3.0,0.019,1028.0,2024-11-09,hyderabad,Tablet,analytics for data
A3490,data analytics course,138.95699356913184,3148.0,182.49,21.0,3.0,0.032,1493.0,2024-11-22,hyderabad,Tablet,data analytics course
A3491,data analytics course,137.0,5244.0,187.79,20.0,7.0,0.0489792299898682,1915.0,2024-11-11,hyderabad,Tablet,online data analytic
A3492,data analytics course,121.0,5220.0,200.98,21.0,5.0,0.041,1773.0,2024-11-13,hyderabad,Desktop,data analitics online
A3493,data analytics course,169.0,5430.0,233.01,27.0,7.0,0.053,2000.0,2024-11-10,hyderabad,Mobile,learn data analytics
A3494,data analytics course,83.0,4693.0,188.45,24.0,6.0,0.072,1539.0,2024-11-16,hyderabad,Mobile,analytics for data
A3495,data analytics course,175.0,4723.0,237.92,19.0,7.0,0.0489792299898682,1906.0,2024-11-12,hyderabad,Mobile,online data analytic
A3496,data analytics course,123.0,5812.0,180.11,25.0,4.0,0.033,1293.0,2024-11-21,hyderabad,Tablet,data analitics online
A3497,data analytics course,135.0,4611.0,215.09062325209752,17.0,7.0,0.0489792299898682,1697.0,2024-11-14,hyderabad,Desktop,online data analytic
A3498,data analytics course,126.0,4960.0,228.68,30.0,3.0,0.058,1114.0,2024-11-26,hyderabad,Mobile,online data analytic
A3499,data analytics course,171.0,4549.0,181.87,18.0,3.0,0.0489792299898682,1965.0,2024-09-11,hyderabad,Mobile,analytics for data
A3500,data analytics course,185.0,4803.0,248.77,30.0,5.0,0.027,1806.0,2024-11-05,hyderabad,Mobile,learn data analytics
A3501,data analytics course,157.0,3164.0,227.73,20.0,3.0,0.034,1498.6481105241771,2024-11-20,hyderabad,Mobile,data anaytics training
A3502,data analytics course,123.0,3343.0,190.66,14.0,5.0,0.041,1562.0,2024-11-17,hyderabad,Mobile,data analytics course
A3503,data analytics course,122.0,5718.0,211.65,14.0,4.0,0.033,1857.0,2024-11-19,hyderabad,Tablet,data analitics online
A3504,data analytics course,97.0,3754.0,180.42,24.0,10.0,0.103,1011.0,2024-11-16,hyderabad,Tablet,analytics for data
A3505,data analytics course,88.0,3684.0,198.73,30.0,4.0,0.045,1195.0,2024-02-11,hyderabad,Mobile,online data analytic
A3506,data analytics course,81.0,5068.0,204.53,24.0,9.0,0.044,1773.0,2024-11-03,hyderabad,Tablet,data analitics online
A3507,data analytics course,96.0,5538.0,188.79,28.0,6.0,0.062,1181.0,2024-11-18,hyderabad,Mobile,online data analytic
A3508,data analytics course,163.0,4813.0,190.77,22.0,8.0,0.049,1498.6481105241771,2024-11-25,hyderabad,Desktop,online data analytic
A3509,data analytics course,138.95699356913184,3003.0,210.63,16.0,10.0,0.0489792299898682,1756.0,2024-11-16,hyderabad,Tablet,data anaytics training
A3510,data analytics course,142.0,3348.0,242.31,12.0,8.0,0.0489792299898682,1220.0,2024-11-21,hyderabad,Tablet,online data analytic
A3511,data analytics course,83.0,3926.0,186.63,21.0,5.0,0.06,1407.0,2024-11-06,hyderabad,Tablet,data analitics online
A3512,data analytics course,188.0,3069.0,214.16,26.0,4.0,0.021,1563.0,2024-11-14,hyderabad,Desktop,learn data analytics
A3513,data analytics course,193.0,3978.0,231.8,20.0,3.0,0.046,1126.0,2024-11-16,hyderabad,Mobile,online data analytic
A3514,data analytics course,181.0,3652.0,206.2,27.0,7.0,0.039,1690.0,2024-11-03,hyderabad,Tablet,analytics for data
A3515,data analytics course,199.0,4400.0,228.05,26.0,8.0,0.04,1025.0,2024-11-09,hyderabad,Tablet,learn data analytics
A3516,data analytics course,167.0,5503.0,232.28,19.0,9.0,0.054,1644.0,2024-11-05,hyderabad,Mobile,data anaytics training
A3517,data analytics course,189.0,4955.0,215.87,21.0,3.0,0.033,1238.0,2024-11-17,hyderabad,Mobile,data analitics online
A3518,data analytics course,125.0,3469.0,192.84,16.0,8.0,0.036,1259.0,2024-11-17,hyderabad,Desktop,data analytics course
A3519,data analytics course,166.0,4096.0,204.43,28.0,5.0,0.03,1579.0,2024-06-11,hyderabad,Desktop,learn data analytics
A3520,data analytics course,181.0,5171.0,208.69,14.0,4.0,0.022,1628.0,2024-11-23,hyderabad,Mobile,data analytics course
A3521,data analytics course,138.95699356913184,4878.0,183.26,25.0,3.0,0.0489792299898682,1986.0,2024-11-23,hyderabad,Desktop,learn data analytics
A3522,data analytics course,127.0,3682.0,215.09062325209752,21.0,9.0,0.071,1384.0,2024-11-22,hyderabad,Tablet,data anaytics training
A3523,data analytics course,83.0,3933.0,214.61,29.0,6.0,0.048,1427.0,2024-11-20,hyderabad,Tablet,data anaytics training
A3524,data analytics course,80.0,3240.0,221.11,29.0,7.0,0.0489792299898682,1263.0,2024-11-14,hyderabad,Desktop,learn data analytics
A3525,data analytics course,105.0,3030.0,185.91,24.0,5.0,0.048,1263.0,2024-11-02,hyderabad,Desktop,data analytics course
A3526,data analytics course,155.0,4676.0,219.3,26.0,7.0,0.0489792299898682,1787.0,2024-11-02,hyderabad,Tablet,learn data analytics
A3527,data analytics course,185.0,4523.280832678712,208.41,25.0,3.0,0.047,1006.0,2024-11-13,hyderabad,Mobile,data anaytics training
A3528,data analytics course,132.0,5616.0,215.09062325209752,28.0,7.0,0.053,1491.0,2024-11-26,hyderabad,Desktop,data analitics online
A3529,data analytics course,198.0,5736.0,227.53,14.0,9.0,0.045,1607.0,2024-11-18,hyderabad,Mobile,learn data analytics
A3530,data analytics course,184.0,3641.0,189.0,22.0,7.0,0.038,1905.0,2024-11-15,hyderabad,Tablet,data anaytics training
A3531,data analytics course,190.0,5429.0,243.6,23.0,8.0,0.037,1498.6481105241771,2024-11-23,hyderabad,Tablet,data analytics course
A3532,data analytics course,127.0,4327.0,220.57,24.0,5.0,0.0489792299898682,1017.0,2024-11-21,hyderabad,Mobile,data analytics course
A3533,data analytics course,130.0,5340.0,221.95,27.0,7.0,0.0489792299898682,1488.0,2024-11-02,hyderabad,Tablet,data analitics online
A3534,data analytics course,172.0,3612.0,191.27,25.0,10.0,0.0489792299898682,1243.0,2024-11-18,hyderabad,Mobile,analytics for data
A3535,data analytics course,138.95699356913184,4195.0,226.79,27.0,3.0,0.05,1117.0,2024-11-13,hyderabad,Desktop,data analytics course
A3536,data analytics course,144.0,5968.0,224.21,21.0,6.0,0.032,1993.0,2024-11-10,hyderabad,Desktop,online data analytic
A3537,data analytics course,148.0,5431.0,216.71,20.0,6.0,0.041,1200.0,2024-11-20,hyderabad,Mobile,online data analytic
A3538,data analytics course,189.0,3420.0,181.35,26.0,6.0,0.032,1692.0,2024-11-18,hyderabad,Desktop,data anaytics training
A3539,data analytics course,143.0,4701.0,222.43,29.0,4.0,0.028,1953.0,2024-11-07,hyderabad,Tablet,data analitics online
A3540,data analytics course,185.0,4958.0,201.3,21.0,5.0,0.027,1965.0,2024-06-11,hyderabad,Desktop,analytics for data
A3541,data analytics course,172.0,5295.0,204.31,26.0,8.0,0.0489792299898682,1218.0,2024-11-29,hyderabad,Tablet,data analytics course
A3542,data analytics course,121.0,3577.0,239.27,29.0,3.0,0.0489792299898682,1735.0,2024-11-26,hyderabad,Desktop,data analitics online
A3543,data analytics course,158.0,3766.0,222.89,27.0,7.0,0.056,1673.0,2024-11-22,hyderabad,Mobile,learn data analytics
A3544,data analytics course,137.0,4287.0,231.9,14.0,7.0,0.0489792299898682,1829.0,2024-11-29,hyderabad,Desktop,analytics for data
A3545,data analytics course,150.0,5630.0,239.21,26.0,4.0,0.027,1302.0,2024-11-30,hyderabad,Tablet,analytics for data
A3546,data analytics course,93.0,4157.0,206.1,30.0,8.0,0.086,1129.0,2024-08-11,hyderabad,Mobile,learn data analytics
A3547,data analytics course,101.0,5983.0,185.86,10.0,5.0,0.05,1019.0,2024-06-11,hyderabad,Tablet,online data analytic
A3548,data analytics course,178.0,3109.0,180.7,25.0,10.0,0.056,1709.0,2024-12-11,hyderabad,Desktop,data analytics course
A3549,data analytics course,96.0,3365.0,225.77,27.0,8.0,0.083,1884.0,2024-11-30,hyderabad,Tablet,data analytics course
A3550,data analytics course,170.0,5380.0,204.62,20.0,4.0,0.024,1473.0,2024-11-15,hyderabad,Desktop,data analytics course
A3551,data analytics course,176.0,5036.0,221.48,13.0,3.0,0.031,1072.0,2024-11-22,hyderabad,Mobile,data anaytics training
A3552,data analytics course,178.0,4176.0,198.49,30.0,4.0,0.022,1717.0,2024-12-11,hyderabad,Desktop,learn data analytics
A3553,data analytics course,99.0,5663.0,187.48,22.0,5.0,0.034,1394.0,2024-11-29,hyderabad,Desktop,online data analytic
A3554,data analytics course,138.95699356913184,5852.0,181.96,19.0,4.0,0.0489792299898682,1816.0,2024-11-22,hyderabad,Tablet,data analitics online
A3555,data analytics course,164.0,4725.0,224.43,18.0,10.0,0.061,1140.0,2024-11-30,hyderabad,Mobile,data anaytics training
A3556,data analytics course,94.0,5762.0,202.12,23.0,5.0,0.053,1694.0,2024-11-23,hyderabad,Tablet,online data analytic
A3557,data analytics course,82.0,4773.0,226.66,10.0,6.0,0.033,1189.0,2024-11-20,hyderabad,Desktop,data anaytics training
A3558,data analytics course,194.0,4198.0,217.66,16.0,10.0,0.052,1619.0,2024-11-29,hyderabad,Tablet,online data analytic
A3559,data analytics course,176.0,5314.0,188.23,17.0,8.0,0.045,1725.0,2024-11-04,hyderabad,Mobile,analytics for data
A3560,data analytics course,170.0,3401.0,235.7,10.0,7.0,0.0489792299898682,1047.0,2024-11-15,hyderabad,Mobile,online data analytic
A3561,data analytics course,144.0,3509.0,193.65,28.0,3.0,0.021,1361.0,2024-11-16,hyderabad,Tablet,analytics for data
A3562,data analytics course,127.0,4850.0,235.92,25.0,10.0,0.079,1057.0,2024-11-12,hyderabad,Desktop,data analytics course
A3563,data analytics course,108.0,5245.0,227.35,12.0,5.0,0.046,1384.0,2024-11-27,hyderabad,Tablet,data anaytics training
A3564,data analytics course,96.0,5474.0,201.65,16.0,8.0,0.03,1376.0,2024-11-29,hyderabad,Mobile,learn data analytics
A3565,data analytics course,103.0,4913.0,180.45,12.0,3.0,0.029,1178.0,2024-11-28,hyderabad,Mobile,learn data analytics
A3566,data analytics course,160.0,5975.0,212.18,14.0,7.0,0.0489792299898682,1507.0,2024-11-04,hyderabad,Tablet,data analytics course
A3567,data analytics course,141.0,5451.0,246.96,13.0,4.0,0.028,1725.0,2024-11-12,hyderabad,Tablet,learn data analytics
A3568,data analytics course,121.0,4538.0,216.98,27.0,4.0,0.033,1874.0,2024-11-19,hyderabad,Desktop,data analytics course
A3569,data analytics course,176.0,4285.0,245.13,28.0,9.0,0.0489792299898682,1321.0,2024-11-08,hyderabad,Mobile,learn data analytics
A3570,data analytics course,125.0,5041.0,228.64,21.0,6.0,0.048,1403.0,2024-11-29,hyderabad,Desktop,online data analytic
A3571,data analytics course,138.95699356913184,5386.0,220.23,23.0,5.0,0.0489792299898682,1462.0,2024-08-11,hyderabad,Desktop,data analitics online
A3572,data analytics course,137.0,5168.0,230.04,24.0,7.0,0.051,1377.0,2024-11-13,hyderabad,Desktop,data analytics course
A3573,data analytics course,174.0,4308.0,190.54,24.0,10.0,0.057,1948.0,2024-11-21,hyderabad,Tablet,data analitics online
A3574,data analytics course,177.0,3884.0,219.75,29.0,5.0,0.028,1626.0,2024-05-11,hyderabad,Desktop,analytics for data
A3575,data analytics course,155.0,4312.0,231.52,30.0,3.0,0.019,1003.0,2024-11-06,hyderabad,Mobile,data analytics course
A3576,data analytics course,129.0,3482.0,184.89,23.0,9.0,0.0489792299898682,1667.0,2024-11-29,hyderabad,Mobile,online data analytic
A3577,data analytics course,91.0,4893.0,222.3,29.0,10.0,0.11,1430.0,2024-11-21,hyderabad,Mobile,learn data analytics
A3578,data analytics course,138.95699356913184,3075.0,239.32,12.0,10.0,0.0489792299898682,1966.0,2024-11-22,hyderabad,Mobile,data analytics course
A3579,data analytics course,126.0,4558.0,195.36,23.0,3.0,0.024,1020.0,2024-11-26,hyderabad,Desktop,online data analytic
A3580,data analytics course,87.0,3248.0,220.5,13.0,6.0,0.0489792299898682,1871.0,2024-11-28,hyderabad,Mobile,data analitics online
A3581,data analytics course,138.95699356913184,5297.0,215.09062325209752,27.0,9.0,0.0489792299898682,1268.0,2024-11-23,hyderabad,Desktop,data analytics course
A3582,data analytics course,107.0,3589.0,183.25,19.0,7.0,0.0489792299898682,1571.0,2024-11-29,hyderabad,Desktop,data analytics course
A3583,data analytics course,124.0,3383.0,224.63,21.0,7.0,0.0489792299898682,1263.0,2024-11-10,hyderabad,Desktop,data analitics online
A3584,data analytics course,124.0,5629.0,189.62,14.0,9.0,0.073,1626.0,2024-11-27,hyderabad,Desktop,data anaytics training
A3585,data analytics course,97.0,5914.0,226.47,15.0,7.0,0.0489792299898682,1889.0,2024-11-08,hyderabad,Tablet,online data analytic
A3586,data analytics course,186.0,3314.0,237.84,11.0,5.0,0.0489792299898682,1864.0,2024-11-05,hyderabad,Tablet,data analitics online
A3587,data analytics course,165.0,5262.0,211.33,24.0,3.0,0.018,1075.0,2024-11-20,hyderabad,Desktop,data analitics online
A3588,data analytics course,110.0,3088.0,205.09,13.0,7.0,0.064,1061.0,2024-05-11,hyderabad,Tablet,data analytics course
A3589,data analytics course,191.0,4753.0,200.39,24.0,9.0,0.047,1702.0,2024-11-05,hyderabad,Mobile,analytics for data
A3590,data analytics course,136.0,3036.0,201.48,20.0,7.0,0.046,1811.0,2024-11-13,hyderabad,Tablet,data anaytics training
A3591,data analytics course,146.0,5743.0,190.39,18.0,3.0,0.021,1108.0,2024-11-13,hyderabad,Mobile,data anaytics training
A3592,data analytics course,152.0,5061.0,234.42,12.0,5.0,0.0489792299898682,1566.0,2024-10-11,hyderabad,Tablet,online data analytic
A3593,data analytics course,189.0,5944.0,202.89,28.0,5.0,0.0489792299898682,1360.0,2024-08-11,hyderabad,Mobile,data analytics course
A3594,data analytics course,99.0,4446.0,233.53,11.0,6.0,0.061,1189.0,2024-11-05,hyderabad,Tablet,data anaytics training
A3595,data analytics course,88.0,5344.0,242.07,17.0,9.0,0.054,1418.0,2024-11-29,hyderabad,Mobile,online data analytic
A3596,data analytics course,154.0,3211.0,248.28,14.0,6.0,0.039,1950.0,2024-11-28,hyderabad,Tablet,data analitics online
A3597,data analytics course,113.0,3808.0,233.25,18.0,4.0,0.035,1085.0,2024-11-02,hyderabad,Desktop,data anaytics training
A3598,data analytics course,196.0,5853.0,220.13,16.0,7.0,0.036,1558.0,2024-11-08,hyderabad,Tablet,data anaytics training
A3599,data analytics course,138.95699356913184,5453.0,215.09062325209752,12.0,5.0,0.0489792299898682,1174.0,2024-11-22,hyderabad,Desktop,analytics for data
